Name,mtd_interval,MEF,ASR,time_to_compromise,host_compromise_ratio,network_size,exposed_endpoints,attack_path_exposure,ROA,risk,shortest_path_variability
mtd_ai,200,0.005048029552931929,0.32608695652173914,2366.8901234098494,0.05,150,5,0.15444444444444444,0.012087992226465257,0.045512305038682824,0.0
mtd_ai,200,0.005048029552931929,0.40540540540540543,3123.2265012591024,0.1,150,5,0.15444444444444444,0.012087992226465257,0.045512305038682824,0.0
mtd_ai,200,0.005048029552931929,0.34615384615384615,4321.117990906259,0.15,150,5,0.15444444444444444,0.012087992226465257,0.045512305038682824,0.0
mtd_ai,200,0.005048029552931929,0.38961038961038963,5214.73460972234,0.2,150,5,0.15444444444444444,0.012087992226465257,0.045512305038682824,0.0
mtd_ai,200,0.005048029552931929,0.4166666666666667,6206.296433399497,0.25,150,5,0.15444444444444444,0.012087992226465257,0.045512305038682824,0.0
mtd_ai,200,0.005069083297012663,0.4411764705882353,1309.262714206566,0.05,150,5,0.2,1.369207801853265,5.0061904331672675,0.0
mtd_ai,200,0.005069083297012663,0.39473684210526316,2426.8355208582316,0.1,150,5,0.2,1.369207801853265,5.0061904331672675,0.0
mtd_ai,200,0.005069083297012663,0.4090909090909091,4077.185405513762,0.15,150,5,0.2,1.369207801853265,5.0061904331672675,0.0
mtd_ai,200,0.005069083297012663,0.43478260869565216,4666.2114295894335,0.2,150,5,0.2,1.369207801853265,5.0061904331672675,0.0
mtd_ai,200,0.005069083297012663,0.42134831460674155,6156.880216413671,0.25,150,5,0.2,1.369207801853265,5.0061904331672675,0.0
mtd_ai,200,0.005071016173241128,0.32608695652173914,2499.635590919247,0.05,150,5,0.16155555555555554,1.7958673373360385,4.0848456917707505,0.0
mtd_ai,200,0.005071016173241128,0.39473684210526316,3229.948382157412,0.1,150,5,0.16155555555555554,1.7958673373360385,4.0848456917707505,0.0
mtd_ai,200,0.005071016173241128,0.4166666666666667,4534.051185905379,0.15,150,5,0.16155555555555554,1.7958673373360385,4.0848456917707505,0.0
mtd_ai,200,0.005071016173241128,0.47619047619047616,4988.833548611736,0.2,150,5,0.16155555555555554,1.7958673373360385,4.0848456917707505,0.0
mtd_ai,200,0.005071016173241128,0.5,5628.875462796196,0.25,150,5,0.16155555555555554,1.7958673373360385,4.0848456917707505,0.0
mtd_ai,200,0.0050841723944557455,0.375,1735.1273266796998,0.05,150,5,0.12031746031746032,0.041412727677847795,0.17027070839843292,0.0
mtd_ai,200,0.0050841723944557455,0.4166666666666667,2958.786468435505,0.1,150,5,0.12031746031746032,0.041412727677847795,0.17027070839843292,0.0
mtd_ai,200,0.0050841723944557455,0.4411764705882353,4521.503204176213,0.15,150,5,0.12031746031746032,0.041412727677847795,0.17027070839843292,0.0
mtd_ai,200,0.0050841723944557455,0.5,4866.646049924535,0.2,150,5,0.12031746031746032,0.041412727677847795,0.17027070839843292,0.0
mtd_ai,200,0.0050841723944557455,0.528169014084507,5507.252186044239,0.25,150,5,0.12031746031746032,0.041412727677847795,0.17027070839843292,0.0
mtd_ai,200,0.005066192726491448,0.32608695652173914,2073.024758152587,0.05,150,5,0.12666666666666668,0.560135309304938,1.0064754243187775,0.0
mtd_ai,200,0.005066192726491448,0.375,3697.540091380837,0.1,150,5,0.12666666666666668,0.560135309304938,1.0064754243187775,0.0
mtd_ai,200,0.005066192726491448,0.4326923076923077,4413.782096550911,0.15,150,5,0.12666666666666668,0.560135309304938,1.0064754243187775,0.0
mtd_ai,200,0.005066192726491448,0.44776119402985076,5136.653262822516,0.2,150,5,0.12666666666666668,0.560135309304938,1.0064754243187775,0.0
mtd_ai,200,0.005066192726491448,0.46875,5735.0462530474215,0.25,150,5,0.12666666666666668,0.560135309304938,1.0064754243187775,0.0
mtd_ai,200,0.005107121444865795,0.4166666666666667,1489.566495766801,0.05,150,5,0.1388888888888889,1.044366132845796,4.166034779361225,0.0
mtd_ai,200,0.005107121444865795,0.46875,2246.22855285264,0.1,150,5,0.1388888888888889,1.044366132845796,4.166034779361225,0.0
mtd_ai,200,0.005107121444865795,0.5487804878048781,2826.0811988154246,0.15,150,5,0.1388888888888889,1.044366132845796,4.166034779361225,0.0
mtd_ai,200,0.005107121444865795,0.5454545454545454,3475.279637274467,0.2,150,5,0.1388888888888889,1.044366132845796,4.166034779361225,0.0
mtd_ai,200,0.005107121444865795,0.5681818181818182,3987.138920529578,0.25,150,5,0.1388888888888889,1.044366132845796,4.166034779361225,0.0
mtd_ai,200,0.00504862568246898,0.375,1838.835709932419,0.05,150,5,0.14055555555555554,3.4005005776655404,6.0796185577689075,0.0
mtd_ai,200,0.00504862568246898,0.4411764705882353,3064.767668636506,0.1,150,5,0.14055555555555554,3.4005005776655404,6.0796185577689075,0.0
mtd_ai,200,0.00504862568246898,0.4326923076923077,4882.1810995490905,0.15,150,5,0.14055555555555554,3.4005005776655404,6.0796185577689075,0.0
mtd_ai,200,0.00504862568246898,0.47619047619047616,5372.440591177325,0.2,150,5,0.14055555555555554,3.4005005776655404,6.0796185577689075,0.0
mtd_ai,200,0.00504862568246898,0.5067567567567568,6061.764055269454,0.25,150,5,0.14055555555555554,3.4005005776655404,6.0796185577689075,0.0
mtd_ai,200,0.005072118834909008,0.20270270270270271,3561.045694355449,0.05,150,5,0.07444444444444445,0.49689909781338765,2.051189779584411,0.0
mtd_ai,200,0.005072118834909008,0.2777777777777778,5219.774592060305,0.1,150,5,0.07444444444444445,0.49689909781338765,2.051189779584411,0.0
mtd_ai,200,0.005072118834909008,0.3629032258064516,5548.911599669322,0.15,150,5,0.07444444444444445,0.49689909781338765,2.051189779584411,0.0
mtd_ai,200,0.005072118834909008,0.40540540540540543,6132.418591029241,0.2,150,5,0.07444444444444445,0.49689909781338765,2.051189779584411,0.0
mtd_ai,200,0.005072118834909008,0.45180722891566266,6521.644095235081,0.25,150,5,0.07444444444444445,0.49689909781338765,2.051189779584411,0.0
mtd_ai,200,0.005076550842290504,0.28846153846153844,2280.619165453242,0.05,150,5,0.1277777777777778,0.3255768684726973,1.0009290446292631,0.0
mtd_ai,200,0.005076550842290504,0.36585365853658536,3512.046365933145,0.1,150,5,0.1277777777777778,0.3255768684726973,1.0009290446292631,0.0
mtd_ai,200,0.005076550842290504,0.4090909090909091,4621.400354887353,0.15,150,5,0.1277777777777778,0.3255768684726973,1.0009290446292631,0.0
mtd_ai,200,0.005076550842290504,0.45454545454545453,5052.284457732936,0.2,150,5,0.1277777777777778,0.3255768684726973,1.0009290446292631,0.0
mtd_ai,200,0.005076550842290504,0.4934210526315789,5555.702346796415,0.25,150,5,0.1277777777777778,0.3255768684726973,1.0009290446292631,0.0
mtd_ai,200,0.005067739784963546,0.4166666666666667,1572.2741540205695,0.05,150,5,0.1430952380952381,0.9188891823538812,2.2759853261230685,0.0
mtd_ai,200,0.005067739784963546,0.45454545454545453,2714.860571165479,0.1,150,5,0.1430952380952381,0.9188891823538812,2.2759853261230685,0.0
mtd_ai,200,0.005067739784963546,0.5113636363636364,3829.8552748370926,0.15,150,5,0.1430952380952381,0.9188891823538812,2.2759853261230685,0.0
mtd_ai,200,0.005067739784963546,0.5263157894736842,4662.9480011032265,0.2,150,5,0.1430952380952381,0.9188891823538812,2.2759853261230685,0.0
mtd_ai,200,0.005067739784963546,0.487012987012987,5855.252730275613,0.25,150,5,0.1430952380952381,0.9188891823538812,2.2759853261230685,0.0
mtd_ai,200,0.005040261724998287,0.234375,3324.9216250630607,0.05,150,5,0.1651111111111111,1.8459538793175228,3.540536419660331,0.0
mtd_ai,200,0.005040261724998287,0.3125,4327.5238935718735,0.1,150,5,0.1651111111111111,1.8459538793175228,3.540536419660331,0.0
mtd_ai,200,0.005040261724998287,0.3879310344827586,5009.412845416913,0.15,150,5,0.1651111111111111,1.8459538793175228,3.540536419660331,0.0
mtd_ai,200,0.005040261724998287,0.42857142857142855,5445.924833706569,0.2,150,5,0.1651111111111111,1.8459538793175228,3.540536419660331,0.0
mtd_ai,200,0.005040261724998287,0.4032258064516129,6565.22896034083,0.25,150,5,0.1651111111111111,1.8459538793175228,3.540536419660331,0.0
mtd_ai,200,0.005081073259034714,0.35714285714285715,1686.0326830885108,0.05,150,5,0.14944444444444444,0.02603714385505568,0.07754897525262999,0.0
mtd_ai,200,0.005081073259034714,0.39473684210526316,2673.689267324271,0.1,150,5,0.14944444444444444,0.02603714385505568,0.07754897525262999,0.0
mtd_ai,200,0.005081073259034714,0.45,3486.643334889743,0.15,150,5,0.14944444444444444,0.02603714385505568,0.07754897525262999,0.0
mtd_ai,200,0.005081073259034714,0.4411764705882353,4467.842121858279,0.2,150,5,0.14944444444444444,0.02603714385505568,0.07754897525262999,0.0
mtd_ai,200,0.005081073259034714,0.436046511627907,5194.384676383426,0.25,150,5,0.14944444444444444,0.02603714385505568,0.07754897525262999,0.0
mtd_ai,200,0.0050453656295052236,0.4411764705882353,1595.3817527742049,0.05,150,5,0.145,0.03647821541968658,0.12198812313277917,0.0
mtd_ai,200,0.0050453656295052236,0.35714285714285715,3985.4562869012316,0.1,150,5,0.145,0.03647821541968658,0.12198812313277917,0.0
mtd_ai,200,0.0050453656295052236,0.4411764705882353,4443.75772064047,0.15,150,5,0.145,0.03647821541968658,0.12198812313277917,0.0
mtd_ai,200,0.0050453656295052236,0.46875,5028.454135361704,0.2,150,5,0.145,0.03647821541968658,0.12198812313277917,0.0
mtd_ai,200,0.0050453656295052236,0.5,5813.144066209433,0.25,150,5,0.145,0.03647821541968658,0.12198812313277917,0.0
mtd_ai,200,0.005062375372187168,0.3125,2302.368666915573,0.05,150,5,0.13,0.5718979439054996,0.6234659187636832,0.0
mtd_ai,200,0.005062375372187168,0.375,3643.0353905091324,0.1,150,5,0.13,0.5718979439054996,0.6234659187636832,0.0
mtd_ai,200,0.005062375372187168,0.4090909090909091,4604.497133524254,0.15,150,5,0.13,0.5718979439054996,0.6234659187636832,0.0
mtd_ai,200,0.005062375372187168,0.4166666666666667,5983.973150825326,0.2,150,5,0.13,0.5718979439054996,0.6234659187636832,0.0
mtd_ai,200,0.005062375372187168,0.43103448275862066,6620.838764219692,0.25,150,5,0.13,0.5718979439054996,0.6234659187636832,0.0
mtd_ai,200,0.00504431915612565,0.28846153846153844,2743.5930453266437,0.05,150,5,0.11555555555555558,0.765755085553117,3.2233424345170123,4.0
mtd_ai,200,0.00504431915612565,0.375,3493.243733805317,0.1,150,5,0.11555555555555558,0.765755085553117,3.2233424345170123,4.0
mtd_ai,200,0.00504431915612565,0.3879310344827586,4502.479804534786,0.15,150,5,0.11555555555555558,0.765755085553117,3.2233424345170123,4.0
mtd_ai,200,0.00504431915612565,0.4225352112676056,5117.482701948923,0.2,150,5,0.11555555555555558,0.765755085553117,3.2233424345170123,4.0
mtd_ai,200,0.00504431915612565,0.46296296296296297,5842.234533753983,0.25,150,5,0.11555555555555558,0.765755085553117,3.2233424345170123,4.0
mtd_ai,200,0.005047166771716769,0.2777777777777778,2529.939162016033,0.05,150,5,0.13777777777777778,0.03850696024669797,0.00768131509538679,0.0
mtd_ai,200,0.005047166771716769,0.35714285714285715,3732.35996802277,0.1,150,5,0.13777777777777778,0.03850696024669797,0.00768131509538679,0.0
mtd_ai,200,0.005047166771716769,0.3879310344827586,4782.104953758201,0.15,150,5,0.13777777777777778,0.03850696024669797,0.00768131509538679,0.0
mtd_ai,200,0.005047166771716769,0.42857142857142855,5662.289246083268,0.2,150,5,0.13777777777777778,0.03850696024669797,0.00768131509538679,0.0
mtd_ai,200,0.005047166771716769,0.47468354430379744,6027.244408079181,0.25,150,5,0.13777777777777778,0.03850696024669797,0.00768131509538679,0.0
mtd_ai,200,0.005077167089333571,0.375,2270.5265234951626,0.05,150,5,0.25,0.12613198827182132,0.5195256647085992,0.0
mtd_ai,200,0.005077167089333571,0.40540540540540543,3646.07612593914,0.1,150,5,0.25,0.12613198827182132,0.5195256647085992,0.0
mtd_ai,200,0.005077167089333571,0.45,4612.866502878261,0.15,150,5,0.25,0.12613198827182132,0.5195256647085992,0.0
mtd_ai,200,0.005077167089333571,0.4838709677419355,5301.7563689611325,0.2,150,5,0.25,0.12613198827182132,0.5195256647085992,0.0
mtd_ai,200,0.005077167089333571,0.5357142857142857,5588.983608047653,0.25,150,5,0.25,0.12613198827182132,0.5195256647085992,0.0
mtd_ai,200,0.005070448654984355,0.3125,2702.923327078219,0.05,150,5,0.14666666666666667,0.5138461629698712,2.223028475739642,0.0
mtd_ai,200,0.005070448654984355,0.35714285714285715,4351.259297975506,0.1,150,5,0.14666666666666667,0.5138461629698712,2.223028475739642,0.0
mtd_ai,200,0.005070448654984355,0.4326923076923077,4997.677466037183,0.15,150,5,0.14666666666666667,0.5138461629698712,2.223028475739642,0.0
mtd_ai,200,0.005070448654984355,0.47619047619047616,5513.193096308829,0.2,150,5,0.14666666666666667,0.5138461629698712,2.223028475739642,0.0
mtd_ai,200,0.005070448654984355,0.5357142857142857,5922.21573082451,0.25,150,5,0.14666666666666667,0.5138461629698712,2.223028475739642,0.0
mtd_ai,200,0.0050629812918645215,0.26785714285714285,3121.9914735153825,0.05,150,5,0.10777777777777776,0.7598347910780021,2.9896166301357936,0.0
mtd_ai,200,0.0050629812918645215,0.35714285714285715,3847.9110842040163,0.1,150,5,0.10777777777777776,0.7598347910780021,2.9896166301357936,0.0
mtd_ai,200,0.0050629812918645215,0.4326923076923077,4435.170384368754,0.15,150,5,0.10777777777777776,0.7598347910780021,2.9896166301357936,0.0
mtd_ai,200,0.0050629812918645215,0.4918032786885246,4944.502850474537,0.2,150,5,0.10777777777777776,0.7598347910780021,2.9896166301357936,0.0
mtd_ai,200,0.0050629812918645215,0.5,6322.565789062686,0.25,150,5,0.10777777777777776,0.7598347910780021,2.9896166301357936,0.0
mtd_ai,200,0.0050369099612942725,0.32608695652173914,2462.5641284433104,0.05,150,5,0.1522222222222222,0.619598924480715,2.6148463285390164,0.0
mtd_ai,200,0.0050369099612942725,0.4166666666666667,3645.977413419922,0.1,150,5,0.1522222222222222,0.619598924480715,2.6148463285390164,0.0
mtd_ai,200,0.0050369099612942725,0.5,4217.634061023191,0.15,150,5,0.1522222222222222,0.619598924480715,2.6148463285390164,0.0
mtd_ai,200,0.0050369099612942725,0.43478260869565216,5510.045102152626,0.2,150,5,0.1522222222222222,0.619598924480715,2.6148463285390164,0.0
mtd_ai,200,0.0050369099612942725,0.47468354430379744,6304.491286848723,0.25,150,5,0.1522222222222222,0.619598924480715,2.6148463285390164,0.0
mtd_ai,200,0.005048759429698463,0.39473684210526316,2121.350132116778,0.05,150,5,0.10288888888888889,5.226690921885739,7.865797454532187,0.0
mtd_ai,200,0.005048759429698463,0.4411764705882353,3290.4644842036673,0.1,150,5,0.10288888888888889,5.226690921885739,7.865797454532187,0.0
mtd_ai,200,0.005048759429698463,0.5,4188.514330105662,0.15,150,5,0.10288888888888889,5.226690921885739,7.865797454532187,0.0
mtd_ai,200,0.005048759429698463,0.5357142857142857,4741.459574935879,0.2,150,5,0.10288888888888889,5.226690921885739,7.865797454532187,0.0
mtd_ai,200,0.005048759429698463,0.5859375,5084.889157596826,0.25,150,5,0.10288888888888889,5.226690921885739,7.865797454532187,0.0
mtd_ai,200,0.005062599903188966,0.35714285714285715,2092.153657259242,0.05,150,5,0.11111111111111109,0.7152574011513558,2.516841366873631,0.0
mtd_ai,200,0.005062599903188966,0.39473684210526316,3458.426010039092,0.1,150,5,0.11111111111111109,0.7152574011513558,2.516841366873631,0.0
mtd_ai,200,0.005062599903188966,0.4411764705882353,4206.718969075973,0.15,150,5,0.11111111111111109,0.7152574011513558,2.516841366873631,0.0
mtd_ai,200,0.005062599903188966,0.45454545454545453,4989.637257412712,0.2,150,5,0.11111111111111109,0.7152574011513558,2.516841366873631,0.0
mtd_ai,200,0.005062599903188966,0.4573170731707317,6182.117434745338,0.25,150,5,0.11111111111111109,0.7152574011513558,2.516841366873631,0.0
mtd_ai,200,0.005098994776422266,0.3409090909090909,2038.2626375381951,0.05,150,5,0.1443333333333333,0.535060415517384,2.1063905567266454,0.0
mtd_ai,200,0.005098994776422266,0.46875,2575.991644921326,0.1,150,5,0.1443333333333333,0.535060415517384,2.1063905567266454,0.0
mtd_ai,200,0.005098994776422266,0.5113636363636364,3348.521062815895,0.15,150,5,0.1443333333333333,0.535060415517384,2.1063905567266454,0.0
mtd_ai,200,0.005098994776422266,0.5263157894736842,3962.071968140553,0.2,150,5,0.1443333333333333,0.535060415517384,2.1063905567266454,0.0
mtd_ai,200,0.005098994776422266,0.5434782608695652,4728.2682495148565,0.25,150,5,0.1443333333333333,0.535060415517384,2.1063905567266454,0.0
mtd_ai,200,0.005066145723620021,0.39473684210526316,1410.3057929921297,0.05,150,5,0.18181818181818182,0.14916623742227525,0.6108994835545491,0.0
mtd_ai,200,0.005066145723620021,0.4411764705882353,2473.6784049013663,0.1,150,5,0.18181818181818182,0.14916623742227525,0.6108994835545491,0.0
mtd_ai,200,0.005066145723620021,0.45,3897.5494531928784,0.15,150,5,0.18181818181818182,0.14916623742227525,0.6108994835545491,0.0
mtd_ai,200,0.005066145723620021,0.4411764705882353,5354.317444711602,0.2,150,5,0.18181818181818182,0.14916623742227525,0.6108994835545491,0.0
mtd_ai,200,0.005066145723620021,0.487012987012987,5782.767389554394,0.25,150,5,0.18181818181818182,0.14916623742227525,0.6108994835545491,0.0
mtd_ai,200,0.005061568080740433,0.39473684210526316,1633.3417175822424,0.05,150,5,0.12400000000000001,1.0868675945082091,2.527202453378444,0.0
mtd_ai,200,0.005061568080740433,0.4411764705882353,2665.472722149542,0.1,150,5,0.12400000000000001,1.0868675945082091,2.527202453378444,0.0
mtd_ai,200,0.005061568080740433,0.5,3562.057157366512,0.15,150,5,0.12400000000000001,1.0868675945082091,2.527202453378444,0.0
mtd_ai,200,0.005061568080740433,0.5172413793103449,4330.221701784904,0.2,150,5,0.12400000000000001,1.0868675945082091,2.527202453378444,0.0
mtd_ai,200,0.005061568080740433,0.5434782608695652,4847.122300404451,0.25,150,5,0.12400000000000001,1.0868675945082091,2.527202453378444,0.0
mtd_ai,200,0.0050348061700324085,0.3,2184.0963162081534,0.05,150,5,0.16793650793650794,1.3719799357318803,1.719525583151304,0.0
mtd_ai,200,0.0050348061700324085,0.375,3144.38851109982,0.1,150,5,0.16793650793650794,1.3719799357318803,1.719525583151304,0.0
mtd_ai,200,0.0050348061700324085,0.4017857142857143,4596.395254441378,0.15,150,5,0.16793650793650794,1.3719799357318803,1.719525583151304,0.0
mtd_ai,200,0.0050348061700324085,0.43478260869565216,5440.20220179669,0.2,150,5,0.16793650793650794,1.3719799357318803,1.719525583151304,0.0
mtd_ai,200,0.0050348061700324085,0.47468354430379744,6098.733163478579,0.25,150,5,0.16793650793650794,1.3719799357318803,1.719525583151304,0.0
mtd_ai,200,0.005035070743383541,0.3125,2565.6298992205343,0.05,150,5,0.13033333333333333,0.4717825171345174,1.3610961126476957,0.0
mtd_ai,200,0.005035070743383541,0.35714285714285715,3555.3787139846763,0.1,150,5,0.13033333333333333,0.4717825171345174,1.3610961126476957,0.0
mtd_ai,200,0.005035070743383541,0.39473684210526316,5117.276939657224,0.15,150,5,0.13033333333333333,0.4717825171345174,1.3610961126476957,0.0
mtd_ai,200,0.005035070743383541,0.4166666666666667,5749.073438449242,0.2,150,5,0.13033333333333333,0.4717825171345174,1.3610961126476957,0.0
mtd_ai,200,0.005035070743383541,0.44642857142857145,6245.44410518978,0.25,150,5,0.13033333333333333,0.4717825171345174,1.3610961126476957,0.0
mtd_ai,200,0.005087037401073346,0.26785714285714285,2832.502577855093,0.05,150,5,0.15511111111111112,0.4854626136985824,0.5826071902125014,0.0
mtd_ai,200,0.005087037401073346,0.35714285714285715,3965.951205146149,0.1,150,5,0.15511111111111112,0.4854626136985824,0.5826071902125014,0.0
mtd_ai,200,0.005087037401073346,0.4411764705882353,4390.007719038335,0.15,150,5,0.15511111111111112,0.4854626136985824,0.5826071902125014,0.0
mtd_ai,200,0.005087037401073346,0.4918032786885246,4830.434036173069,0.2,150,5,0.15511111111111112,0.4854626136985824,0.5826071902125014,0.0
mtd_ai,200,0.005087037401073346,0.528169014084507,5337.214158622283,0.25,150,5,0.15511111111111112,0.4854626136985824,0.5826071902125014,0.0
mtd_ai,200,0.005089545018510263,0.375,2029.7858882434982,0.05,150,5,0.14422222222222225,0.020100933758777355,0.0852454806675151,0.0
mtd_ai,200,0.005089545018510263,0.40540540540540543,3335.6979842675473,0.1,150,5,0.14422222222222225,0.020100933758777355,0.0852454806675151,0.0
mtd_ai,200,0.005089545018510263,0.4891304347826087,3997.8671583293617,0.15,150,5,0.14422222222222225,0.020100933758777355,0.0852454806675151,0.0
mtd_ai,200,0.005089545018510263,0.5172413793103449,4660.704298995416,0.2,150,5,0.14422222222222225,0.020100933758777355,0.0852454806675151,0.0
mtd_ai,200,0.005089545018510263,0.5357142857142857,5230.642041080837,0.25,150,5,0.14422222222222225,0.020100933758777355,0.0852454806675151,0.0
mtd_ai,200,0.0050875315440602085,0.39473684210526316,1929.2754718612914,0.05,150,5,0.13166666666666665,1.147460624163491,3.95328849419069,0.0
mtd_ai,200,0.0050875315440602085,0.5172413793103449,2392.33333929651,0.1,150,5,0.13166666666666665,1.147460624163491,3.95328849419069,0.0
mtd_ai,200,0.0050875315440602085,0.5232558139534884,3709.806404305331,0.15,150,5,0.13166666666666665,1.147460624163491,3.95328849419069,0.0
mtd_ai,200,0.0050875315440602085,0.5555555555555556,4528.934873323044,0.2,150,5,0.13166666666666665,1.147460624163491,3.95328849419069,0.0
mtd_ai,200,0.0050875315440602085,0.5681818181818182,5173.864639954356,0.25,150,5,0.13166666666666665,1.147460624163491,3.95328849419069,0.0
mtd_ai,200,0.005037025016023897,0.20833333333333334,3014.5301067424816,0.05,150,5,0.09255555555555556,0.44647469505618764,1.7906452292670225,0.0
mtd_ai,200,0.005037025016023897,0.28846153846153844,4060.4358451128983,0.1,150,5,0.09255555555555556,0.44647469505618764,1.7906452292670225,0.0
mtd_ai,200,0.005037025016023897,0.32608695652173914,5328.03566406291,0.15,150,5,0.09255555555555556,0.44647469505618764,1.7906452292670225,0.0
mtd_ai,200,0.005037025016023897,0.3614457831325301,6394.049783487748,0.2,150,5,0.09255555555555556,0.44647469505618764,1.7906452292670225,0.0
mtd_ai,200,0.005037025016023897,0.41208791208791207,6832.567808591573,0.25,150,5,0.09255555555555556,0.44647469505618764,1.7906452292670225,0.0
mtd_ai,200,0.005048715220185523,0.35714285714285715,1911.5573191064323,0.05,150,5,0.2222222222222222,0.42024867877544114,1.4067588877609236,-4.888888888888889
mtd_ai,200,0.005048715220185523,0.42857142857142855,3148.051910651903,0.1,150,5,0.2222222222222222,0.42024867877544114,1.4067588877609236,-4.888888888888889
mtd_ai,200,0.005048715220185523,0.4787234042553192,4021.509423013787,0.15,150,5,0.2222222222222222,0.42024867877544114,1.4067588877609236,-4.888888888888889
mtd_ai,200,0.005048715220185523,0.5172413793103449,4572.040642433514,0.2,150,5,0.2222222222222222,0.42024867877544114,1.4067588877609236,-4.888888888888889
mtd_ai,200,0.005048715220185523,0.5514705882352942,5015.714297843202,0.25,150,5,0.2222222222222222,0.42024867877544114,1.4067588877609236,-4.888888888888889
mtd_ai,200,0.005039286889153042,0.234375,3209.6137346498103,0.05,150,5,0.13666666666666666,0.2146209667245704,0.791900154071425,0.0
mtd_ai,200,0.005039286889153042,0.3191489361702128,4150.968639778812,0.1,150,5,0.13666666666666666,0.2146209667245704,0.791900154071425,0.0
mtd_ai,200,0.005039286889153042,0.34615384615384615,5165.831381724999,0.15,150,5,0.13666666666666666,0.2146209667245704,0.791900154071425,0.0
mtd_ai,200,0.005039286889153042,0.39473684210526316,5976.702518239497,0.2,150,5,0.13666666666666666,0.2146209667245704,0.791900154071425,0.0
mtd_ai,200,0.005039286889153042,0.436046511627907,6567.776302075121,0.25,150,5,0.13666666666666666,0.2146209667245704,0.791900154071425,0.0
mtd_ai,200,0.005072503000432359,0.3409090909090909,2276.0509930430303,0.05,150,5,0.10555555555555554,0.8669949435159208,0.6289125083199042,0.0
mtd_ai,200,0.005072503000432359,0.38461538461538464,3494.7197613204385,0.1,150,5,0.10555555555555554,0.8669949435159208,0.6289125083199042,0.0
mtd_ai,200,0.005072503000432359,0.4411764705882353,4256.067149600725,0.15,150,5,0.10555555555555554,0.8669949435159208,0.6289125083199042,0.0
mtd_ai,200,0.005072503000432359,0.46153846153846156,5104.111740751985,0.2,150,5,0.10555555555555554,0.8669949435159208,0.6289125083199042,0.0
mtd_ai,200,0.005072503000432359,0.5,5697.771041024414,0.25,150,5,0.10555555555555554,0.8669949435159208,0.6289125083199042,0.0
mtd_ai,200,0.005047591893541534,0.3409090909090909,2283.6757395248137,0.05,150,5,0.12666666666666668,0.9040917582664658,3.6582309754354005,0.0
mtd_ai,200,0.005047591893541534,0.40540540540540543,3456.6524426174337,0.1,150,5,0.12666666666666668,0.9040917582664658,3.6582309754354005,0.0
mtd_ai,200,0.005047591893541534,0.46875,3924.812799053412,0.15,150,5,0.12666666666666668,0.9040917582664658,3.6582309754354005,0.0
mtd_ai,200,0.005047591893541534,0.5084745762711864,4491.80944928827,0.2,150,5,0.12666666666666668,0.9040917582664658,3.6582309754354005,0.0
mtd_ai,200,0.005047591893541534,0.5208333333333334,5315.888896054883,0.25,150,5,0.12666666666666668,0.9040917582664658,3.6582309754354005,0.0
mtd_ai,200,0.005075534312356848,0.35714285714285715,1913.1347936461077,0.05,150,5,0.1622222222222222,0.44297057269806384,1.8230610844974304,0.0
mtd_ai,200,0.005075534312356848,0.39473684210526316,3372.759437376323,0.1,150,5,0.1622222222222222,0.44297057269806384,1.8230610844974304,0.0
mtd_ai,200,0.005075534312356848,0.46875,3792.330802153333,0.15,150,5,0.1622222222222222,0.44297057269806384,1.8230610844974304,0.0
mtd_ai,200,0.005075534312356848,0.4838709677419355,4676.342305543688,0.2,150,5,0.1622222222222222,0.44297057269806384,1.8230610844974304,0.0
mtd_ai,200,0.005075534312356848,0.44642857142857145,5711.486189431435,0.25,150,5,0.1622222222222222,0.44297057269806384,1.8230610844974304,0.0
mtd_ai,200,0.005086350014658492,0.3409090909090909,2175.054361412277,0.05,150,5,0.08666666666666667,1.0830769701548069,2.23285892315459,0.0
mtd_ai,200,0.005086350014658492,0.46875,2755.3257154774087,0.1,150,5,0.08666666666666667,1.0830769701548069,2.23285892315459,0.0
mtd_ai,200,0.005086350014658492,0.5232558139534884,3553.0827438065785,0.15,150,5,0.08666666666666667,1.0830769701548069,2.23285892315459,0.0
mtd_ai,200,0.005086350014658492,0.5263157894736842,4251.069594303022,0.2,150,5,0.08666666666666667,1.0830769701548069,2.23285892315459,0.0
mtd_ai,200,0.005086350014658492,0.5681818181818182,4799.796254760996,0.25,150,5,0.08666666666666667,1.0830769701548069,2.23285892315459,0.0
mtd_ai,200,0.005040411510773001,0.4166666666666667,1669.5998537089558,0.05,150,5,0.11777777777777779,15.393712847756799,5.5013593629678486,0.0
mtd_ai,200,0.005040411510773001,0.36585365853658536,3167.038839288868,0.1,150,5,0.11777777777777779,15.393712847756799,5.5013593629678486,0.0
mtd_ai,200,0.005040411510773001,0.36885245901639346,5055.848925904178,0.15,150,5,0.11777777777777779,15.393712847756799,5.5013593629678486,0.0
mtd_ai,200,0.005040411510773001,0.410958904109589,5656.679897059341,0.2,150,5,0.11777777777777779,15.393712847756799,5.5013593629678486,0.0
mtd_ai,200,0.005040411510773001,0.4411764705882353,6190.798565677882,0.25,150,5,0.11777777777777779,15.393712847756799,5.5013593629678486,0.0
mtd_ai,200,0.005082270518541705,0.26785714285714285,2524.5959839491998,0.05,150,5,0.14866666666666667,1.8871117984872463,5.704975629740352,0.0
mtd_ai,200,0.005082270518541705,0.375,3597.2260900950464,0.1,150,5,0.14866666666666667,1.8871117984872463,5.704975629740352,0.0
mtd_ai,200,0.005082270518541705,0.4326923076923077,4142.066470945912,0.15,150,5,0.14866666666666667,1.8871117984872463,5.704975629740352,0.0
mtd_ai,200,0.005082270518541705,0.47619047619047616,4715.434978333784,0.2,150,5,0.14866666666666667,1.8871117984872463,5.704975629740352,0.0
mtd_ai,200,0.005082270518541705,0.4807692307692308,5268.598789929936,0.25,150,5,0.14866666666666667,1.8871117984872463,5.704975629740352,0.0
mtd_ai,200,0.005082284970137793,0.3,2311.362683985535,0.05,150,5,0.09888888888888889,1.2355227491098815,4.700930250701468,0.0
mtd_ai,200,0.005082284970137793,0.4166666666666667,2907.9782451469223,0.1,150,5,0.09888888888888889,1.2355227491098815,4.700930250701468,0.0
mtd_ai,200,0.005082284970137793,0.4787234042553192,3512.9601087350984,0.15,150,5,0.09888888888888889,1.2355227491098815,4.700930250701468,0.0
mtd_ai,200,0.005082284970137793,0.44776119402985076,5158.882829548433,0.2,150,5,0.09888888888888889,1.2355227491098815,4.700930250701468,0.0
mtd_ai,200,0.005082284970137793,0.4934210526315789,5717.258552429743,0.25,150,5,0.09888888888888889,1.2355227491098815,4.700930250701468,0.0
mtd_ai,200,0.0050461290451191045,0.32608695652173914,2446.4343641219684,0.05,150,5,0.12526984126984128,0.7552108093700495,2.40511951357193,0.0
mtd_ai,200,0.0050461290451191045,0.32608695652173914,4554.432417195223,0.1,150,5,0.12526984126984128,0.7552108093700495,2.40511951357193,0.0
mtd_ai,200,0.0050461290451191045,0.4017857142857143,5034.873364545639,0.15,150,5,0.12526984126984128,0.7552108093700495,2.40511951357193,0.0
mtd_ai,200,0.0050461290451191045,0.4225352112676056,5772.831357945344,0.2,150,5,0.12526984126984128,0.7552108093700495,2.40511951357193,0.0
mtd_ai,200,0.0050461290451191045,0.46296296296296297,6066.60917980916,0.25,150,5,0.12526984126984128,0.7552108093700495,2.40511951357193,0.0
mtd_ai,200,0.005044171434844368,0.39473684210526316,1891.3914834044238,0.05,150,5,0.12666666666666668,16.829639326883974,8.54230961900803,0.0
mtd_ai,200,0.005044171434844368,0.4838709677419355,2653.2723775722243,0.1,150,5,0.12666666666666668,16.829639326883974,8.54230961900803,0.0
mtd_ai,200,0.005044171434844368,0.5,3551.396528104833,0.15,150,5,0.12666666666666668,16.829639326883974,8.54230961900803,0.0
mtd_ai,200,0.005044171434844368,0.5084745762711864,4482.063007231712,0.2,150,5,0.12666666666666668,16.829639326883974,8.54230961900803,0.0
mtd_ai,200,0.005044171434844368,0.5514705882352942,5085.879547610972,0.25,150,5,0.12666666666666668,16.829639326883974,8.54230961900803,0.0
mtd_ai,200,0.005089063579611061,0.35714285714285715,1994.946213273992,0.05,150,5,0.14144444444444446,0.14708388557729293,0.5089119374810451,0.0
mtd_ai,200,0.005089063579611061,0.4166666666666667,2948.704132817811,0.1,150,5,0.14144444444444446,0.14708388557729293,0.5089119374810451,0.0
mtd_ai,200,0.005089063579611061,0.5,3514.598842602315,0.15,150,5,0.14144444444444446,0.14708388557729293,0.5089119374810451,0.0
mtd_ai,200,0.005089063579611061,0.46153846153846156,4280.785532798365,0.2,150,5,0.14144444444444446,0.14708388557729293,0.5089119374810451,0.0
mtd_ai,200,0.005089063579611061,0.47468354430379744,4942.659665286781,0.25,150,5,0.14144444444444446,0.14708388557729293,0.5089119374810451,0.0
mtd_ai,200,0.005055136359139977,0.32608695652173914,2270.5050368388484,0.05,150,5,0.25925925925925924,3.4618302846828866,4.9354221228153845,0.0
mtd_ai,200,0.005055136359139977,0.40540540540540543,3366.612506503996,0.1,150,5,0.25925925925925924,3.4618302846828866,4.9354221228153845,0.0
mtd_ai,200,0.005055136359139977,0.4891304347826087,3966.473247146776,0.15,150,5,0.25925925925925924,3.4618302846828866,4.9354221228153845,0.0
mtd_ai,200,0.005055136359139977,0.5,4589.905524814903,0.2,150,5,0.25925925925925924,3.4618302846828866,4.9354221228153845,0.0
mtd_ai,200,0.005055136359139977,0.5136986301369864,5446.27291725736,0.25,150,5,0.25925925925925924,3.4618302846828866,4.9354221228153845,0.0
mtd_ai,200,0.00503884507343091,0.32608695652173914,1892.1280786206523,0.05,150,5,0.14333333333333334,1.8960478324650865,2.753823598640375,0.0
mtd_ai,200,0.00503884507343091,0.32608695652173914,3092.178807349159,0.1,150,5,0.14333333333333334,1.8960478324650865,2.753823598640375,0.0
mtd_ai,200,0.00503884507343091,0.3358208955223881,4922.524227248079,0.15,150,5,0.14333333333333334,1.8960478324650865,2.753823598640375,0.0
mtd_ai,200,0.00503884507343091,0.38961038961038963,5346.401908916452,0.2,150,5,0.14333333333333334,1.8960478324650865,2.753823598640375,0.0
mtd_ai,200,0.00503884507343091,0.41208791208791207,6225.155654412275,0.25,150,5,0.14333333333333334,1.8960478324650865,2.753823598640375,0.0
mtd_ai,200,0.0050644219995771445,0.21428571428571427,3928.3540088232944,0.05,150,5,0.12111111111111111,0.185115510058112,0.36446554803796993,0.0
mtd_ai,200,0.0050644219995771445,0.3,4920.006886037027,0.1,150,5,0.12111111111111111,0.185115510058112,0.36446554803796993,0.0
mtd_ai,200,0.0050644219995771445,0.36885245901639346,5590.295600864718,0.15,150,5,0.12111111111111111,0.185115510058112,0.36446554803796993,0.0
mtd_ai,200,0.0050644219995771445,0.4,6836.641518440023,0.2,150,5,0.12111111111111111,0.185115510058112,0.36446554803796993,0.0
mtd_ai,200,0.0050644219995771445,0.44642857142857145,7167.624381482605,0.25,150,5,0.12111111111111111,0.185115510058112,0.36446554803796993,0.0
mtd_ai,200,0.005079292263169339,0.28846153846153844,2618.5989902844995,0.05,150,5,0.09222222222222222,2.4074434474219024,2.684752993050207,0.0
mtd_ai,200,0.005079292263169339,0.3333333333333333,4458.728906082427,0.1,150,5,0.09222222222222222,2.4074434474219024,2.684752993050207,0.0
mtd_ai,200,0.005079292263169339,0.4017857142857143,4798.181415650952,0.15,150,5,0.09222222222222222,2.4074434474219024,2.684752993050207,0.0
mtd_ai,200,0.005079292263169339,0.4225352112676056,5436.162623922346,0.2,150,5,0.09222222222222222,2.4074434474219024,2.684752993050207,0.0
mtd_ai,200,0.005079292263169339,0.46296296296296297,5948.400424677016,0.25,150,5,0.09222222222222222,2.4074434474219024,2.684752993050207,0.0
mtd_ai,200,0.005059422505066992,0.3,3062.2801650660567,0.05,150,5,0.16255555555555556,0.1665864663409062,0.3924992278704251,0.0
mtd_ai,200,0.005059422505066992,0.375,4138.32622725226,0.1,150,5,0.16255555555555556,0.1665864663409062,0.3924992278704251,0.0
mtd_ai,200,0.005059422505066992,0.45,4652.816003580659,0.15,150,5,0.16255555555555556,0.1665864663409062,0.3924992278704251,0.0
mtd_ai,200,0.005059422505066992,0.45454545454545453,5912.861110673932,0.2,150,5,0.16255555555555556,0.1665864663409062,0.3924992278704251,0.0
mtd_ai,200,0.005059422505066992,0.46296296296296297,7268.399322083044,0.25,150,5,0.16255555555555556,0.1665864663409062,0.3924992278704251,0.0
mtd_ai,200,0.005046170805938426,0.22727272727272727,2807.2430992690984,0.05,150,5,0.1311111111111111,1.1787038859468546,3.316983988661504,0.0
mtd_ai,200,0.005046170805938426,0.3125,3878.413496274232,0.1,150,5,0.1311111111111111,1.1787038859468546,3.316983988661504,0.0
mtd_ai,200,0.005046170805938426,0.3813559322033898,4566.92507126219,0.15,150,5,0.1311111111111111,1.1787038859468546,3.316983988661504,0.0
mtd_ai,200,0.005046170805938426,0.4166666666666667,5267.788206637735,0.2,150,5,0.1311111111111111,1.1787038859468546,3.316983988661504,0.0
mtd_ai,200,0.005046170805938426,0.4411764705882353,5878.507428989153,0.25,150,5,0.1311111111111111,1.1787038859468546,3.316983988661504,0.0
mtd_ai,200,0.005053650791227254,0.35714285714285715,2013.7113957264003,0.05,150,5,0.14133333333333334,0.49099779207225175,2.03479080844774,0.0
mtd_ai,200,0.005053650791227254,0.35714285714285715,3261.2927720782573,0.1,150,5,0.14133333333333334,0.49099779207225175,2.03479080844774,0.0
mtd_ai,200,0.005053650791227254,0.4166666666666667,4035.7582480086267,0.15,150,5,0.14133333333333334,0.49099779207225175,2.03479080844774,0.0
mtd_ai,200,0.005053650791227254,0.45454545454545453,4676.620022319161,0.2,150,5,0.14133333333333334,0.49099779207225175,2.03479080844774,0.0
mtd_ai,200,0.005053650791227254,0.487012987012987,5293.48796593417,0.25,150,5,0.14133333333333334,0.49099779207225175,2.03479080844774,0.0
mtd_ai,200,0.005036029443436941,0.375,1645.1551626196529,0.05,150,5,0.1561111111111111,1.0071390681935695,2.445724987529087,0.0
mtd_ai,200,0.005036029443436941,0.3125,4970.217266320569,0.1,150,5,0.1561111111111111,1.0071390681935695,2.445724987529087,0.0
mtd_ai,200,0.005036029443436941,0.3813559322033898,5535.274250148099,0.15,150,5,0.1561111111111111,1.0071390681935695,2.445724987529087,0.0
mtd_ai,200,0.005036029443436941,0.36585365853658536,6662.208230072389,0.2,150,5,0.1561111111111111,1.0071390681935695,2.445724987529087,0.0
mtd_ai,200,0.005036029443436941,0.41208791208791207,7035.702266279181,0.25,150,5,0.1561111111111111,1.0071390681935695,2.445724987529087,0.0
mtd_ai,200,0.005072931473531108,0.4411764705882353,1751.8086930304223,0.05,150,5,0.11644444444444446,2.2549059839202994,5.909749754978224,0.0
mtd_ai,200,0.005072931473531108,0.4166666666666667,3496.780871013925,0.1,150,5,0.11644444444444446,2.2549059839202994,5.909749754978224,0.0
mtd_ai,200,0.005072931473531108,0.4787234042553192,4179.826689127031,0.15,150,5,0.11644444444444446,2.2549059839202994,5.909749754978224,0.0
mtd_ai,200,0.005072931473531108,0.4918032786885246,4725.74875963927,0.2,150,5,0.11644444444444446,2.2549059839202994,5.909749754978224,0.0
mtd_ai,200,0.005072931473531108,0.46875,5695.332569336775,0.25,150,5,0.11644444444444446,2.2549059839202994,5.909749754978224,0.0
mtd_ai,200,0.005065423221409456,0.46875,1596.495089495661,0.05,150,5,0.13666666666666666,0.8879303249520111,3.479131527440199,0.0
mtd_ai,200,0.005065423221409456,0.39473684210526316,3300.0548841908767,0.1,150,5,0.13666666666666666,0.8879303249520111,3.479131527440199,0.0
mtd_ai,200,0.005065423221409456,0.4090909090909091,4856.070676410182,0.15,150,5,0.13666666666666666,0.8879303249520111,3.479131527440199,0.0
mtd_ai,200,0.005065423221409456,0.4411764705882353,5848.4781957025325,0.2,150,5,0.13666666666666666,0.8879303249520111,3.479131527440199,0.0
mtd_ai,200,0.005065423221409456,0.47468354430379744,6331.2812365933,0.25,150,5,0.13666666666666666,0.8879303249520111,3.479131527440199,0.0
mtd_ai,200,0.005064403732013171,0.25,3289.7362211462687,0.05,150,5,0.12444444444444445,0.2635759610993521,0.8694115577061626,0.0
mtd_ai,200,0.005064403732013171,0.3333333333333333,4386.3575050717345,0.1,150,5,0.12444444444444445,0.2635759610993521,0.8694115577061626,0.0
mtd_ai,200,0.005064403732013171,0.4090909090909091,4837.372315087503,0.15,150,5,0.12444444444444445,0.2635759610993521,0.8694115577061626,0.0
mtd_ai,200,0.005064403732013171,0.4411764705882353,5832.77697515603,0.2,150,5,0.12444444444444445,0.2635759610993521,0.8694115577061626,0.0
mtd_ai,200,0.005064403732013171,0.487012987012987,6345.805921676145,0.25,150,5,0.12444444444444445,0.2635759610993521,0.8694115577061626,0.0
mtd_ai,200,0.005039625022270615,0.25862068965517243,2765.121062295537,0.05,150,5,0.12533333333333332,0.3453498949203363,1.4867078485023955,0.0
mtd_ai,200,0.005039625022270615,0.35714285714285715,3671.5456111921994,0.1,150,5,0.12533333333333332,0.3453498949203363,1.4867078485023955,0.0
mtd_ai,200,0.005039625022270615,0.39473684210526316,4529.054632731576,0.15,150,5,0.12533333333333332,0.3453498949203363,1.4867078485023955,0.0
mtd_ai,200,0.005039625022270615,0.3614457831325301,6369.498110334411,0.2,150,5,0.12533333333333332,0.3453498949203363,1.4867078485023955,0.0
mtd_ai,200,0.005039625022270615,0.39893617021276595,6798.112517100685,0.25,150,5,0.12533333333333332,0.3453498949203363,1.4867078485023955,0.0
mtd_ai,200,0.005068315033455383,0.375,1914.0325349140264,0.05,150,5,0.2,0.7731090624468862,3.269721688658011,0.0
mtd_ai,200,0.005068315033455383,0.46875,2877.538222915764,0.1,150,5,0.2,0.7731090624468862,3.269721688658011,0.0
mtd_ai,200,0.005068315033455383,0.5113636363636364,3620.108013685968,0.15,150,5,0.2,0.7731090624468862,3.269721688658011,0.0
mtd_ai,200,0.005068315033455383,0.5555555555555556,3985.8070287129003,0.2,150,5,0.2,0.7731090624468862,3.269721688658011,0.0
mtd_ai,200,0.005068315033455383,0.5952380952380952,4464.761908007185,0.25,150,5,0.2,0.7731090624468862,3.269721688658011,0.0
mtd_ai,200,0.00505225276407184,0.39473684210526316,1486.7959120762862,0.05,150,5,0.16055555555555556,0.13044431051259361,0.3030116741013149,0.0
mtd_ai,200,0.00505225276407184,0.39473684210526316,3289.7504769340717,0.1,150,5,0.16055555555555556,0.13044431051259361,0.3030116741013149,0.0
mtd_ai,200,0.00505225276407184,0.3879310344827586,4573.716367751826,0.15,150,5,0.16055555555555556,0.13044431051259361,0.3030116741013149,0.0
mtd_ai,200,0.00505225276407184,0.38961038961038963,6214.062821206526,0.2,150,5,0.16055555555555556,0.13044431051259361,0.3030116741013149,0.0
mtd_ai,200,0.00505225276407184,0.41208791208791207,7231.63400517449,0.25,150,5,0.16055555555555556,0.13044431051259361,0.3030116741013149,0.0
mtd_ai,200,0.005052648965192356,0.3125,2173.314841098512,0.05,150,5,0.16933333333333334,0.11440727304567976,0.4425351098619969,0.0
mtd_ai,200,0.005052648965192356,0.35714285714285715,3347.547650554793,0.1,150,5,0.16933333333333334,0.11440727304567976,0.4425351098619969,0.0
mtd_ai,200,0.005052648965192356,0.4166666666666667,4068.322383738492,0.15,150,5,0.16933333333333334,0.11440727304567976,0.4425351098619969,0.0
mtd_ai,200,0.005052648965192356,0.4411764705882353,4770.900482316811,0.2,150,5,0.16933333333333334,0.11440727304567976,0.4425351098619969,0.0
mtd_ai,200,0.005052648965192356,0.47468354430379744,5281.7349405087025,0.25,150,5,0.16933333333333334,0.11440727304567976,0.4425351098619969,0.0
mtd_ai,200,0.005059048330140136,0.3125,2661.0481012601704,0.05,150,5,0.13533333333333333,1.856988202121826,5.405165438861923,0.0
mtd_ai,200,0.005059048330140136,0.3125,4893.579587881439,0.1,150,5,0.13533333333333333,1.856988202121826,5.405165438861923,0.0
mtd_ai,200,0.005059048330140136,0.375,5535.672922235473,0.15,150,5,0.13533333333333333,1.856988202121826,5.405165438861923,0.0
mtd_ai,200,0.005059048330140136,0.35714285714285715,6540.060549610205,0.2,150,5,0.13533333333333333,1.856988202121826,5.405165438861923,0.0
mtd_ai,200,0.005059048330140136,0.390625,7419.477268552962,0.25,150,5,0.13533333333333333,1.856988202121826,5.405165438861923,0.0
mtd_ai,200,0.005026840795801785,0.39473684210526316,1687.5475629424031,0.05,150,5,0.13377777777777777,2.0704693147287982,4.319703952239501,0.0
mtd_ai,200,0.005026840795801785,0.3409090909090909,4484.282896792072,0.1,150,5,0.13377777777777777,2.0704693147287982,4.319703952239501,0.0
mtd_ai,200,0.005026840795801785,0.3879310344827586,5450.107537128944,0.15,150,5,0.13377777777777777,2.0704693147287982,4.319703952239501,0.0
mtd_ai,200,0.005026840795801785,0.4,7094.1059250701,0.2,150,5,0.13377777777777777,2.0704693147287982,4.319703952239501,0.0
mtd_ai,200,0.005026840795801785,0.436046511627907,7730.744938331976,0.25,150,5,0.13377777777777777,2.0704693147287982,4.319703952239501,0.0
mtd_ai,200,0.005047748618188672,0.2777777777777778,3448.5973365180353,0.05,150,5,0.13,1.770076605151393,1.9617791902034851,0.0
mtd_ai,200,0.005047748618188672,0.35714285714285715,4473.828817265643,0.1,150,5,0.13,1.770076605151393,1.9617791902034851,0.0
mtd_ai,200,0.005047748618188672,0.4411764705882353,5311.785804789813,0.15,150,5,0.13,1.770076605151393,1.9617791902034851,0.0
mtd_ai,200,0.005047748618188672,0.4918032786885246,5723.03324603227,0.2,150,5,0.13,1.770076605151393,1.9617791902034851,0.0
mtd_ai,200,0.005047748618188672,0.5514705882352942,6226.9333514579,0.25,150,5,0.13,1.770076605151393,1.9617791902034851,0.0
mtd_ai,200,0.005035894185375553,0.28846153846153844,2193.597184638311,0.05,150,5,0.08777777777777777,0.39917217053894494,1.3132017241502036,4.689655172413793
mtd_ai,200,0.005035894185375553,0.2777777777777778,3809.0624188393413,0.1,150,5,0.08777777777777777,0.39917217053894494,1.3132017241502036,4.689655172413793
mtd_ai,200,0.005035894185375553,0.31690140845070425,4788.176354271856,0.15,150,5,0.08777777777777777,0.39917217053894494,1.3132017241502036,4.689655172413793
mtd_ai,200,0.005035894185375553,0.35294117647058826,6065.63803582032,0.2,150,5,0.08777777777777777,0.39917217053894494,1.3132017241502036,4.689655172413793
mtd_ai,200,0.005035894185375553,0.4032258064516129,6471.004140778408,0.25,150,5,0.08777777777777777,0.39917217053894494,1.3132017241502036,4.689655172413793
mtd_ai,200,0.005043247490683768,0.22058823529411764,3754.7771501399006,0.05,150,5,0.1333333333333333,0.13399389977256373,0.5020109644087141,0.0
mtd_ai,200,0.005043247490683768,0.3191489361702128,4349.008696781384,0.1,150,5,0.1333333333333333,0.13399389977256373,0.5020109644087141,0.0
mtd_ai,200,0.005043247490683768,0.3813559322033898,5021.580485224482,0.15,150,5,0.1333333333333333,0.13399389977256373,0.5020109644087141,0.0
mtd_ai,200,0.005043247490683768,0.4166666666666667,5983.79553692726,0.2,150,5,0.1333333333333333,0.13399389977256373,0.5020109644087141,0.0
mtd_ai,200,0.005043247490683768,0.44642857142857145,6577.951354220651,0.25,150,5,0.1333333333333333,0.13399389977256373,0.5020109644087141,0.0
mtd_ai,200,0.005045583513246479,0.24193548387096775,3485.5900381585534,0.05,150,5,0.15293650793650793,0.13193438139642594,0.4791870316813114,0.0
mtd_ai,200,0.005045583513246479,0.3333333333333333,4108.031181215653,0.1,150,5,0.15293650793650793,0.13193438139642594,0.4791870316813114,0.0
mtd_ai,200,0.005045583513246479,0.39473684210526316,5104.011485348412,0.15,150,5,0.15293650793650793,0.13193438139642594,0.4791870316813114,0.0
mtd_ai,200,0.005045583513246479,0.4411764705882353,5572.618254399324,0.2,150,5,0.15293650793650793,0.13193438139642594,0.4791870316813114,0.0
mtd_ai,200,0.005045583513246479,0.487012987012987,6003.493271568533,0.25,150,5,0.15293650793650793,0.13193438139642594,0.4791870316813114,0.0
mtd_ai,200,0.005062376289650316,0.4411764705882353,1547.7508576845587,0.05,150,5,0.2777777777777778,0.5786066882830592,1.6227623171809253,0.0
mtd_ai,200,0.005062376289650316,0.45454545454545453,2344.5867771495773,0.1,150,5,0.2777777777777778,0.5786066882830592,1.6227623171809253,0.0
mtd_ai,200,0.005062376289650316,0.4891304347826087,3246.33454607008,0.15,150,5,0.2777777777777778,0.5786066882830592,1.6227623171809253,0.0
mtd_ai,200,0.005062376289650316,0.4838709677419355,4928.9988701380225,0.2,150,5,0.2777777777777778,0.5786066882830592,1.6227623171809253,0.0
mtd_ai,200,0.005062376289650316,0.47468354430379744,6512.020319760182,0.25,150,5,0.2777777777777778,0.5786066882830592,1.6227623171809253,0.0
mtd_ai,200,0.005087110299999133,0.28846153846153844,2885.471959527917,0.05,150,5,0.11904761904761904,0.0644131145444949,0.23526745250352776,0.0
mtd_ai,200,0.005087110299999133,0.3409090909090909,3823.244447528086,0.1,150,5,0.11904761904761904,0.0644131145444949,0.23526745250352776,0.0
mtd_ai,200,0.005087110299999133,0.39473684210526316,4584.87453569663,0.15,150,5,0.11904761904761904,0.0644131145444949,0.23526745250352776,0.0
mtd_ai,200,0.005087110299999133,0.45454545454545453,4922.653572384559,0.2,150,5,0.11904761904761904,0.0644131145444949,0.23526745250352776,0.0
mtd_ai,200,0.005087110299999133,0.4934210526315789,5389.18790071586,0.25,150,5,0.11904761904761904,0.0644131145444949,0.23526745250352776,0.0
mtd_ai,200,0.005059356081159503,0.3125,2236.9478008523893,0.05,150,5,0.12622222222222224,0.41480466530997245,1.1651781877689398,0.0
mtd_ai,200,0.005059356081159503,0.38461538461538464,2935.0518662047944,0.1,150,5,0.12622222222222224,0.41480466530997245,1.1651781877689398,0.0
mtd_ai,200,0.005059356081159503,0.4166666666666667,4169.620036072979,0.15,150,5,0.12622222222222224,0.41480466530997245,1.1651781877689398,0.0
mtd_ai,200,0.005059356081159503,0.4166666666666667,5691.154355510315,0.2,150,5,0.12622222222222224,0.41480466530997245,1.1651781877689398,0.0
mtd_ai,200,0.005059356081159503,0.45180722891566266,6497.566867061575,0.25,150,5,0.12622222222222224,0.41480466530997245,1.1651781877689398,0.0
mtd_ai,200,0.005072199674638196,0.375,1375.6505303642257,0.05,150,5,0.08666666666666667,0.18259642425893316,0.4427028638976501,0.0
mtd_ai,200,0.005072199674638196,0.40540540540540543,2494.142746019571,0.1,150,5,0.08666666666666667,0.18259642425893316,0.4427028638976501,0.0
mtd_ai,200,0.005072199674638196,0.45,3266.821360021542,0.15,150,5,0.08666666666666667,0.18259642425893316,0.4427028638976501,0.0
mtd_ai,200,0.005072199674638196,0.4411764705882353,4656.471749749469,0.2,150,5,0.08666666666666667,0.18259642425893316,0.4427028638976501,0.0
mtd_ai,200,0.005072199674638196,0.4411764705882353,5594.687120276809,0.25,150,5,0.08666666666666667,0.18259642425893316,0.4427028638976501,0.0
mtd_ai,200,0.005063589314683463,0.26785714285714285,2035.7190626372624,0.05,150,5,0.11655555555555557,0.11423585681673411,0.4215362668997286,0.0
mtd_ai,200,0.005063589314683463,0.2777777777777778,4090.2398335409616,0.1,150,5,0.11655555555555557,0.11423585681673411,0.4215362668997286,0.0
mtd_ai,200,0.005063589314683463,0.32608695652173914,5152.133027575046,0.15,150,5,0.11655555555555557,0.11423585681673411,0.4215362668997286,0.0
mtd_ai,200,0.005063589314683463,0.37037037037037035,5713.991552833439,0.2,150,5,0.11655555555555557,0.11423585681673411,0.4215362668997286,0.0
mtd_ai,200,0.005063589314683463,0.390625,6973.499161622306,0.25,150,5,0.11655555555555557,0.11423585681673411,0.4215362668997286,0.0
mtd_ai,200,0.005052206181669711,0.35714285714285715,1605.8577065610557,0.05,150,5,0.16733333333333333,0.6969914563743282,1.249791427923036,0.0
mtd_ai,200,0.005052206181669711,0.4411764705882353,2639.75170543892,0.1,150,5,0.16733333333333333,0.6969914563743282,1.249791427923036,0.0
mtd_ai,200,0.005052206181669711,0.46875,3836.356877366831,0.15,150,5,0.16733333333333333,0.6969914563743282,1.249791427923036,0.0
mtd_ai,200,0.005052206181669711,0.46875,5434.413638248308,0.2,150,5,0.16733333333333333,0.6969914563743282,1.249791427923036,0.0
mtd_ai,200,0.005052206181669711,0.4807692307692308,6015.884818926385,0.25,150,5,0.16733333333333333,0.6969914563743282,1.249791427923036,0.0
mtd_ai,200,0.005040573621391264,0.25862068965517243,3192.1429160103608,0.05,150,5,0.1461111111111111,0.28020516285380664,1.0430104189968126,0.0
mtd_ai,200,0.005040573621391264,0.3,4392.6507800130885,0.1,150,5,0.1461111111111111,0.28020516285380664,1.0430104189968126,0.0
mtd_ai,200,0.005040573621391264,0.35714285714285715,5352.852194886533,0.15,150,5,0.1461111111111111,0.28020516285380664,1.0430104189968126,0.0
mtd_ai,200,0.005040573621391264,0.38961038961038963,6328.139437380809,0.2,150,5,0.1461111111111111,0.28020516285380664,1.0430104189968126,0.0
mtd_ai,200,0.005040573621391264,0.43103448275862066,6782.848577953246,0.25,150,5,0.1461111111111111,0.28020516285380664,1.0430104189968126,0.0
mtd_ai,200,0.005045337280745382,0.35714285714285715,2051.1098517582896,0.05,150,5,0.15088888888888888,0.3510376194573014,0.5284806968277865,0.0
mtd_ai,200,0.005045337280745382,0.39473684210526316,3393.19556322486,0.1,150,5,0.15088888888888888,0.3510376194573014,0.5284806968277865,0.0
mtd_ai,200,0.005045337280745382,0.4787234042553192,3957.000315851581,0.15,150,5,0.15088888888888888,0.3510376194573014,0.5284806968277865,0.0
mtd_ai,200,0.005045337280745382,0.4838709677419355,5010.200943672966,0.2,150,5,0.15088888888888888,0.3510376194573014,0.5284806968277865,0.0
mtd_ai,200,0.005045337280745382,0.5208333333333334,5357.393690791482,0.25,150,5,0.15088888888888888,0.3510376194573014,0.5284806968277865,0.0
mtd_ai,200,0.005052787301054421,0.24193548387096775,3268.5816627222084,0.05,150,5,0.15,0.3166523809554254,1.328074388331226,0.0
mtd_ai,200,0.005052787301054421,0.29411764705882354,4898.56058869727,0.1,150,5,0.15,0.3166523809554254,1.328074388331226,0.0
mtd_ai,200,0.005052787301054421,0.35714285714285715,5665.074550756473,0.15,150,5,0.15,0.3166523809554254,1.328074388331226,0.0
mtd_ai,200,0.005052787301054421,0.38961038961038963,6241.025974612596,0.2,150,5,0.15,0.3166523809554254,1.328074388331226,0.0
mtd_ai,200,0.005052787301054421,0.3826530612244898,7244.058086379576,0.25,150,5,0.15,0.3166523809554254,1.328074388331226,0.0
mtd_ai,200,0.005036955868262962,0.25,3135.1230796719483,0.05,150,5,0.10888888888888888,1011.6907545941766,7.656321796803172,0.0
mtd_ai,200,0.005036955868262962,0.3409090909090909,3826.0500644975878,0.1,150,5,0.10888888888888888,1011.6907545941766,7.656321796803172,0.0
mtd_ai,200,0.005036955868262962,0.3813559322033898,5185.858880450565,0.15,150,5,0.10888888888888888,1011.6907545941766,7.656321796803172,0.0
mtd_ai,200,0.005036955868262962,0.4166666666666667,5865.004141669113,0.2,150,5,0.10888888888888888,1011.6907545941766,7.656321796803172,0.0
mtd_ai,200,0.005036955868262962,0.46296296296296297,6330.383174812185,0.25,150,5,0.10888888888888888,1011.6907545941766,7.656321796803172,0.0
mtd_ai,200,0.005068947510598379,0.3,2095.3376464102225,0.05,150,5,0.1511111111111111,2.506019758375456,5.360625143882347,0.0
mtd_ai,200,0.005068947510598379,0.3409090909090909,3798.017979871205,0.1,150,5,0.1511111111111111,2.506019758375456,5.360625143882347,0.0
mtd_ai,200,0.005068947510598379,0.42452830188679247,4192.548922840519,0.15,150,5,0.1511111111111111,2.506019758375456,5.360625143882347,0.0
mtd_ai,200,0.005068947510598379,0.47619047619047616,4669.452061597506,0.2,150,5,0.1511111111111111,2.506019758375456,5.360625143882347,0.0
mtd_ai,200,0.005068947510598379,0.47468354430379744,5967.670370797345,0.25,150,5,0.1511111111111111,2.506019758375456,5.360625143882347,0.0
mtd_ai,200,0.005076022879381743,0.4411764705882353,1378.969413885256,0.05,150,5,0.13226190476190477,0.24461945955670225,0.7103293599164754,0.0
mtd_ai,200,0.005076022879381743,0.46875,2563.939097316703,0.1,150,5,0.13226190476190477,0.24461945955670225,0.7103293599164754,0.0
mtd_ai,200,0.005076022879381743,0.5,3355.3103133510294,0.15,150,5,0.13226190476190477,0.24461945955670225,0.7103293599164754,0.0
mtd_ai,200,0.005076022879381743,0.47619047619047616,5171.226264973155,0.2,150,5,0.13226190476190477,0.24461945955670225,0.7103293599164754,0.0
mtd_ai,200,0.005076022879381743,0.5208333333333334,5423.292618087292,0.25,150,5,0.13226190476190477,0.24461945955670225,0.7103293599164754,0.0
mtd_ai,200,0.005071626999715618,0.22058823529411764,3204.4461607823127,0.05,150,5,0.07777777777777778,0.9992389355976585,3.0681328873674967,0.0
mtd_ai,200,0.005071626999715618,0.3191489361702128,3950.6393186851833,0.1,150,5,0.07777777777777778,0.9992389355976585,3.0681328873674967,0.0
mtd_ai,200,0.005071626999715618,0.3879310344827586,4601.599780419532,0.15,150,5,0.07777777777777778,0.9992389355976585,3.0681328873674967,0.0
mtd_ai,200,0.005071626999715618,0.4411764705882353,5024.689240403282,0.2,150,5,0.07777777777777778,0.9992389355976585,3.0681328873674967,0.0
mtd_ai,200,0.005071626999715618,0.44642857142857145,6402.519270317811,0.25,150,5,0.07777777777777778,0.9992389355976585,3.0681328873674967,0.0
mtd_ai,200,0.005043202206803268,0.32608695652173914,2354.398968844931,0.05,150,5,0.1788888888888889,0.2227921761212671,0.8869548725312286,0.0
mtd_ai,200,0.005043202206803268,0.35714285714285715,3349.921831802491,0.1,150,5,0.1788888888888889,0.2227921761212671,0.8869548725312286,0.0
mtd_ai,200,0.005043202206803268,0.3629032258064516,4950.668877785065,0.15,150,5,0.1788888888888889,0.2227921761212671,0.8869548725312286,0.0
mtd_ai,200,0.005043202206803268,0.379746835443038,5701.478275298226,0.2,150,5,0.1788888888888889,0.2227921761212671,0.8869548725312286,0.0
mtd_ai,200,0.005043202206803268,0.4032258064516129,6523.069076123702,0.25,150,5,0.1788888888888889,0.2227921761212671,0.8869548725312286,0.0
mtd_ai,200,0.005036628142331356,0.21428571428571427,3193.072862890707,0.05,150,5,0.11277777777777777,0.4032320703816937,1.3449207578608282,0.0
mtd_ai,200,0.005036628142331356,0.3,4321.291582372976,0.1,150,5,0.11277777777777777,0.4032320703816937,1.3449207578608282,0.0
mtd_ai,200,0.005036628142331356,0.34615384615384615,5440.328388478309,0.15,150,5,0.11277777777777777,0.4032320703816937,1.3449207578608282,0.0
mtd_ai,200,0.005036628142331356,0.35294117647058826,6410.97108205529,0.2,150,5,0.11277777777777777,0.4032320703816937,1.3449207578608282,0.0
mtd_ai,200,0.005036628142331356,0.39473684210526316,6850.108966869184,0.25,150,5,0.11277777777777777,0.4032320703816937,1.3449207578608282,0.0
mtd_ai,200,0.005032805003451616,0.25862068965517243,3548.182669642056,0.05,150,5,0.09777777777777778,0.06591704591041533,0.24486041201969758,0.0
mtd_ai,200,0.005032805003451616,0.3125,4725.23110601978,0.1,150,5,0.09777777777777778,0.06591704591041533,0.24486041201969758,0.0
mtd_ai,200,0.005032805003451616,0.34615384615384615,5668.189728417416,0.15,150,5,0.09777777777777778,0.06591704591041533,0.24486041201969758,0.0
mtd_ai,200,0.005032805003451616,0.379746835443038,6272.221135816998,0.2,150,5,0.09777777777777778,0.06591704591041533,0.24486041201969758,0.0
mtd_ai,200,0.005032805003451616,0.4032258064516129,6824.908548105469,0.25,150,5,0.09777777777777778,0.06591704591041533,0.24486041201969758,0.0
mtd_ai,200,0.00503676155486507,0.22727272727272727,2906.631513972019,0.05,150,5,0.18195767195767196,0.3911834592890687,1.5072336980638645,0.0
mtd_ai,200,0.00503676155486507,0.3125,4186.322823893064,0.1,150,5,0.18195767195767196,0.3911834592890687,1.5072336980638645,0.0
mtd_ai,200,0.00503676155486507,0.3813559322033898,4774.519858349357,0.15,150,5,0.18195767195767196,0.3911834592890687,1.5072336980638645,0.0
mtd_ai,200,0.00503676155486507,0.38961038961038963,5547.273011060959,0.2,150,5,0.18195767195767196,0.3911834592890687,1.5072336980638645,0.0
mtd_ai,200,0.00503676155486507,0.42613636363636365,5852.864339409825,0.25,150,5,0.18195767195767196,0.3911834592890687,1.5072336980638645,0.0
mtd_ai,200,0.005037559074928394,0.375,1465.2909734974544,0.05,150,5,0.14388888888888887,1.9418175666182398,5.171249715827499,0.0
mtd_ai,200,0.005037559074928394,0.38461538461538464,3619.4871456761184,0.1,150,5,0.14388888888888887,1.9418175666182398,5.171249715827499,0.0
mtd_ai,200,0.005037559074928394,0.4166666666666667,4858.528242984488,0.15,150,5,0.14388888888888887,1.9418175666182398,5.171249715827499,0.0
mtd_ai,200,0.005037559074928394,0.40540540540540543,6719.569847662633,0.2,150,5,0.14388888888888887,1.9418175666182398,5.171249715827499,0.0
mtd_ai,200,0.005037559074928394,0.4411764705882353,7300.424226064521,0.25,150,5,0.14388888888888887,1.9418175666182398,5.171249715827499,0.0
mtd_ai,200,0.005040640376153944,0.35714285714285715,2110.6422544841107,0.05,150,5,0.146,0.12010206764514501,0.4254739759596002,0.0
mtd_ai,200,0.005040640376153944,0.42857142857142855,3020.5331504410897,0.1,150,5,0.146,0.12010206764514501,0.4254739759596002,0.0
mtd_ai,200,0.005040640376153944,0.45,4119.399526956043,0.15,150,5,0.146,0.12010206764514501,0.4254739759596002,0.0
mtd_ai,200,0.005040640376153944,0.47619047619047616,4977.148716035917,0.2,150,5,0.146,0.12010206764514501,0.4254739759596002,0.0
mtd_ai,200,0.005040640376153944,0.487012987012987,5892.867609849109,0.25,150,5,0.146,0.12010206764514501,0.4254739759596002,0.0
mtd_ai,200,0.005049540937394809,0.39473684210526316,1898.0954818922578,0.05,150,5,0.2,0.5521352909641674,1.041413566095657,-5.625
mtd_ai,200,0.005049540937394809,0.39473684210526316,3557.169943863179,0.1,150,5,0.2,0.5521352909641674,1.041413566095657,-5.625
mtd_ai,200,0.005049540937394809,0.4411764705882353,4124.384058821985,0.15,150,5,0.2,0.5521352909641674,1.041413566095657,-5.625
mtd_ai,200,0.005049540937394809,0.47619047619047616,4571.8395595692655,0.2,150,5,0.2,0.5521352909641674,1.041413566095657,-5.625
mtd_ai,200,0.005049540937394809,0.4807692307692308,5677.978701052945,0.25,150,5,0.2,0.5521352909641674,1.041413566095657,-5.625
mtd_ai,200,0.005075464993323149,0.3409090909090909,2532.833450037072,0.05,150,5,0.11388888888888889,1.8265687025473556,3.083311521209676,0.0
mtd_ai,200,0.005075464993323149,0.36585365853658536,3532.5501782049114,0.1,150,5,0.11388888888888889,1.8265687025473556,3.083311521209676,0.0
mtd_ai,200,0.005075464993323149,0.45918367346938777,4067.3005755035138,0.15,150,5,0.11388888888888889,1.8265687025473556,3.083311521209676,0.0
mtd_ai,200,0.005075464993323149,0.4838709677419355,5127.17892169841,0.2,150,5,0.11388888888888889,1.8265687025473556,3.083311521209676,0.0
mtd_ai,200,0.005075464993323149,0.436046511627907,6097.303148087578,0.25,150,5,0.11388888888888889,1.8265687025473556,3.083311521209676,0.0
mtd_ai,200,0.005032107778309215,0.28846153846153844,2411.4555722127925,0.05,150,5,0.20833333333333334,0.43354207668320177,1.3018862493415382,-3.5
mtd_ai,200,0.005032107778309215,0.3333333333333333,3795.2548966213926,0.1,150,5,0.20833333333333334,0.43354207668320177,1.3018862493415382,-3.5
mtd_ai,200,0.005032107778309215,0.4017857142857143,4465.6563651717815,0.15,150,5,0.20833333333333334,0.43354207668320177,1.3018862493415382,-3.5
mtd_ai,200,0.005032107778309215,0.39473684210526316,6263.143391227373,0.2,150,5,0.20833333333333334,0.43354207668320177,1.3018862493415382,-3.5
mtd_ai,200,0.005032107778309215,0.4166666666666667,6939.8720845640955,0.25,150,5,0.20833333333333334,0.43354207668320177,1.3018862493415382,-3.5
mtd_ai,200,0.00504223467844299,0.2777777777777778,2521.593439324545,0.05,150,5,0.15,1.437134196800239,3.4496974671865805,0.0
mtd_ai,200,0.00504223467844299,0.3409090909090909,3701.0374084022824,0.1,150,5,0.15,1.437134196800239,3.4496974671865805,0.0
mtd_ai,200,0.00504223467844299,0.4017857142857143,4424.269410747814,0.15,150,5,0.15,1.437134196800239,3.4496974671865805,0.0
mtd_ai,200,0.00504223467844299,0.4225352112676056,5304.776772324503,0.2,150,5,0.15,1.437134196800239,3.4496974671865805,0.0
mtd_ai,200,0.00504223467844299,0.46296296296296297,5686.625430204892,0.25,150,5,0.15,1.437134196800239,3.4496974671865805,0.0
mtd_ai,200,0.005046575913590444,0.21428571428571427,4027.241042511871,0.05,150,5,0.16015873015873017,0.8811386248443335,3.503813804967711,0.0
mtd_ai,200,0.005046575913590444,0.28846153846153844,5295.53385667468,0.1,150,5,0.16015873015873017,0.8811386248443335,3.503813804967711,0.0
mtd_ai,200,0.005046575913590444,0.33088235294117646,6175.574124745963,0.15,150,5,0.16015873015873017,0.8811386248443335,3.503813804967711,0.0
mtd_ai,200,0.005046575913590444,0.38461538461538464,6603.677691690389,0.2,150,5,0.16015873015873017,0.8811386248443335,3.503813804967711,0.0
mtd_ai,200,0.005046575913590444,0.390625,7948.895346745578,0.25,150,5,0.16015873015873017,0.8811386248443335,3.503813804967711,0.0
mtd_ai,200,0.005071749248472616,0.3,2817.6396522467785,0.05,150,5,0.08833333333333333,0.7399949910261031,3.0034706682903876,0.0
mtd_ai,200,0.005071749248472616,0.35714285714285715,3905.0833473112934,0.1,150,5,0.08833333333333333,0.7399949910261031,3.0034706682903876,0.0
mtd_ai,200,0.005071749248472616,0.4090909090909091,5073.78350562495,0.15,150,5,0.08833333333333333,0.7399949910261031,3.0034706682903876,0.0
mtd_ai,200,0.005071749248472616,0.43478260869565216,5663.695050243403,0.2,150,5,0.08833333333333333,0.7399949910261031,3.0034706682903876,0.0
mtd_ai,200,0.005071749248472616,0.46875,6230.202111359068,0.25,150,5,0.08833333333333333,0.7399949910261031,3.0034706682903876,0.0
mtd_ai,200,0.0050484048004093805,0.375,1929.8332427244277,0.05,150,5,0.07142857142857142,2.0912735177867567,4.779052915336817,0.045454545454545456
mtd_ai,200,0.0050484048004093805,0.42857142857142855,3146.6882301053743,0.1,150,5,0.07142857142857142,2.0912735177867567,4.779052915336817,0.045454545454545456
mtd_ai,200,0.0050484048004093805,0.5,3719.661394851254,0.15,150,5,0.07142857142857142,2.0912735177867567,4.779052915336817,0.045454545454545456
mtd_ai,200,0.0050484048004093805,0.5,4594.5714473238095,0.2,150,5,0.07142857142857142,2.0912735177867567,4.779052915336817,0.045454545454545456
mtd_ai,200,0.0050484048004093805,0.528169014084507,5213.987426546281,0.25,150,5,0.07142857142857142,2.0912735177867567,4.779052915336817,0.045454545454545456
mtd_ai,200,0.005044686413983507,0.2777777777777778,3093.539459235924,0.05,150,5,0.08333333333333333,0.08177905066942333,0.2860865926726152,0.0
mtd_ai,200,0.005044686413983507,0.3333333333333333,4524.7665912150915,0.1,150,5,0.08333333333333333,0.08177905066942333,0.2860865926726152,0.0
mtd_ai,200,0.005044686413983507,0.3879310344827586,5377.713274665403,0.15,150,5,0.08333333333333333,0.08177905066942333,0.2860865926726152,0.0
mtd_ai,200,0.005044686413983507,0.40540540540540543,6249.843428596037,0.2,150,5,0.08333333333333333,0.08177905066942333,0.2860865926726152,0.0
mtd_ai,200,0.005044686413983507,0.44642857142857145,6608.253742350113,0.25,150,5,0.08333333333333333,0.08177905066942333,0.2860865926726152,0.0
mtd_ai,200,0.005044813544389441,0.39473684210526316,1954.065061068566,0.05,150,5,0.1371111111111111,0.46010478321685966,1.386407956470248,0.0
mtd_ai,200,0.005044813544389441,0.45454545454545453,3015.874136713548,0.1,150,5,0.1371111111111111,0.46010478321685966,1.386407956470248,0.0
mtd_ai,200,0.005044813544389441,0.46875,4077.0660235261694,0.15,150,5,0.1371111111111111,0.46010478321685966,1.386407956470248,0.0
mtd_ai,200,0.005044813544389441,0.4838709677419355,4841.886037550201,0.2,150,5,0.1371111111111111,0.46010478321685966,1.386407956470248,0.0
mtd_ai,200,0.005044813544389441,0.5067567567567568,5651.167078007848,0.25,150,5,0.1371111111111111,0.46010478321685966,1.386407956470248,0.0
mtd_ai,200,0.005049260600993272,0.5,1175.8651550925001,0.05,150,5,0.15,2.7688389463643395,6.291198328090177,0.0
mtd_ai,200,0.005049260600993272,0.39473684210526316,3049.0704240391824,0.1,150,5,0.15,2.7688389463643395,6.291198328090177,0.0
mtd_ai,200,0.005049260600993272,0.4326923076923077,3912.31036415202,0.15,150,5,0.15,2.7688389463643395,6.291198328090177,0.0
mtd_ai,200,0.005049260600993272,0.4411764705882353,4649.404968941238,0.2,150,5,0.15,2.7688389463643395,6.291198328090177,0.0
mtd_ai,200,0.005049260600993272,0.436046511627907,5492.897142928681,0.25,150,5,0.15,2.7688389463643395,6.291198328090177,0.0
mtd_ai,200,0.005058207584197044,0.28846153846153844,3114.6398847349255,0.05,150,5,0.0911111111111111,0.22691372380357888,0.6671982763345532,0.0
mtd_ai,200,0.005058207584197044,0.3191489361702128,5026.970556705399,0.1,150,5,0.0911111111111111,0.22691372380357888,0.6671982763345532,0.0
mtd_ai,200,0.005058207584197044,0.3515625,6361.419509046413,0.15,150,5,0.0911111111111111,0.22691372380357888,0.6671982763345532,0.0
mtd_ai,200,0.005058207584197044,0.39473684210526316,6887.339407511097,0.2,150,5,0.0911111111111111,0.22691372380357888,0.6671982763345532,0.0
mtd_ai,200,0.005058207584197044,0.4411764705882353,7189.330373704806,0.25,150,5,0.0911111111111111,0.22691372380357888,0.6671982763345532,0.0
mtd_ai,200,0.005032865206501236,0.22727272727272727,3386.936475010132,0.05,150,5,0.12,0.11283357997283867,0.3038673909062996,0.0
mtd_ai,200,0.005032865206501236,0.28846153846153844,5396.312102985092,0.1,150,5,0.12,0.11283357997283867,0.3038673909062996,0.0
mtd_ai,200,0.005032865206501236,0.33088235294117646,6427.198467975089,0.15,150,5,0.12,0.11283357997283867,0.3038673909062996,0.0
mtd_ai,200,0.005032865206501236,0.36585365853658536,7117.32499303755,0.2,150,5,0.12,0.11283357997283867,0.3038673909062996,0.0
mtd_ai,200,0.005032865206501236,0.41208791208791207,7622.030709852975,0.25,150,5,0.12,0.11283357997283867,0.3038673909062996,0.0
mtd_ai,200,0.005074003633786263,0.3409090909090909,2189.2345869606243,0.05,150,5,0.10033333333333334,0.21049253946171836,0.930029021278095,0.0
mtd_ai,200,0.005074003633786263,0.38461538461538464,3499.264193461472,0.1,150,5,0.10033333333333334,0.21049253946171836,0.930029021278095,0.0
mtd_ai,200,0.005074003633786263,0.4411764705882353,4275.177793338072,0.15,150,5,0.10033333333333334,0.21049253946171836,0.930029021278095,0.0
mtd_ai,200,0.005074003633786263,0.46153846153846156,5004.264798921891,0.2,150,5,0.10033333333333334,0.21049253946171836,0.930029021278095,0.0
mtd_ai,200,0.005074003633786263,0.4934210526315789,5431.654399407995,0.25,150,5,0.10033333333333334,0.21049253946171836,0.930029021278095,0.0
mtd_ai,200,0.005036154155385701,0.3125,2093.3554039126707,0.05,150,5,0.10666666666666667,1.4021854046797042,1.9201907640889277,4.75
mtd_ai,200,0.005036154155385701,0.39473684210526316,3285.79453416581,0.1,150,5,0.10666666666666667,1.4021854046797042,1.9201907640889277,4.75
mtd_ai,200,0.005036154155385701,0.39473684210526316,4347.019506281127,0.15,150,5,0.10666666666666667,1.4021854046797042,1.9201907640889277,4.75
mtd_ai,200,0.005036154155385701,0.4225352112676056,5216.198363371573,0.2,150,5,0.10666666666666667,1.4021854046797042,1.9201907640889277,4.75
mtd_ai,200,0.005036154155385701,0.4807692307692308,5432.505864244975,0.25,150,5,0.10666666666666667,1.4021854046797042,1.9201907640889277,4.75
mtd_ai,200,0.005057019645166004,0.5,1098.7740521687915,0.05,150,5,0.15833333333333333,2.8678136646489225,4.927244799953967,0.0
mtd_ai,200,0.005057019645166004,0.4838709677419355,2306.160660891309,0.1,150,5,0.15833333333333333,2.8678136646489225,4.927244799953967,0.0
mtd_ai,200,0.005057019645166004,0.5487804878048781,2962.3067467303913,0.15,150,5,0.15833333333333333,2.8678136646489225,4.927244799953967,0.0
mtd_ai,200,0.005057019645166004,0.5555555555555556,3573.510731797069,0.2,150,5,0.15833333333333333,2.8678136646489225,4.927244799953967,0.0
mtd_ai,200,0.005057019645166004,0.5681818181818182,4248.153920115003,0.25,150,5,0.15833333333333333,2.8678136646489225,4.927244799953967,0.0
mtd_ai,200,0.0050627458675727805,0.5,1541.4505170555917,0.05,150,5,0.14033333333333334,0.7942940267656314,2.089660981873153,0.0
mtd_ai,200,0.0050627458675727805,0.5172413793103449,2419.1546351113393,0.1,150,5,0.14033333333333334,0.7942940267656314,2.089660981873153,0.0
mtd_ai,200,0.0050627458675727805,0.5769230769230769,2955.914996294632,0.15,150,5,0.14033333333333334,0.7942940267656314,2.089660981873153,0.0
mtd_ai,200,0.0050627458675727805,0.5882352941176471,3561.752926322671,0.2,150,5,0.14033333333333334,0.7942940267656314,2.089660981873153,0.0
mtd_ai,200,0.0050627458675727805,0.528169014084507,4562.145835774665,0.25,150,5,0.14033333333333334,0.7942940267656314,2.089660981873153,0.0
mtd_ai,200,0.005087685386554907,0.39473684210526316,2245.356940861051,0.05,150,5,0.09111111111111111,0.7109473654158207,2.0349526980697754,0.0
mtd_ai,200,0.005087685386554907,0.4166666666666667,3553.282530423675,0.1,150,5,0.09111111111111111,0.7109473654158207,2.0349526980697754,0.0
mtd_ai,200,0.005087685386554907,0.4891304347826087,4084.9481737392716,0.15,150,5,0.09111111111111111,0.7109473654158207,2.0349526980697754,0.0
mtd_ai,200,0.005087685386554907,0.5263157894736842,4663.418682891899,0.2,150,5,0.09111111111111111,0.7109473654158207,2.0349526980697754,0.0
mtd_ai,200,0.005087685386554907,0.5434782608695652,5357.861827129642,0.25,150,5,0.09111111111111111,0.7109473654158207,2.0349526980697754,0.0
