Name,mtd_interval,MEF,ASR,time_to_compromise,host_compromise_ratio,network_size
NoMTD,100,0,0.5,734.3093787856948,0.1,25
NoMTD,100,0,0.5555555555555556,1168.936595533909,0.2,25
NoMTD,100,0,0.625,1444.3136338473605,0.3,25
NoMTD,100,0,0.6666666666666666,1569.582986903864,0.4,25
NoMTD,100,0,0.7352941176470589,1865.3932156542023,0.5,25
NoMTD,100,0,0.75,2049.50763980341,0.6,25
NoMTD,100,0,0.7954545454545454,2099.50763980341,0.7,25
NoMTD,100,0,0.8,2382.1030757428707,0.8,25
NoMTD,100,0,0.45454545454545453,1475.6042566681813,0.1,50
NoMTD,100,0,0.625,1863.7368674590941,0.2,50
NoMTD,100,0,0.6818181818181818,2291.6255608781325,0.3,50
NoMTD,100,0,0.7142857142857143,2855.6628777755004,0.4,50
NoMTD,100,0,0.7352941176470589,3666.386930644486,0.5,50
NoMTD,100,0,0.7692307692307693,4211.004866967252,0.6,50
NoMTD,100,0,0.7954545454545454,4549.568734055913,0.7,50
NoMTD,100,0,0.8,5085.06119633634,0.8,50
NoMTD,100,0,0.75,1527.518953805671,0.1,75
NoMTD,100,0,0.75,2402.021280114111,0.2,75
NoMTD,100,0,0.7758620689655172,3168.2207643749834,0.3,75
NoMTD,100,0,0.8108108108108109,3868.6139563315,0.4,75
NoMTD,100,0,0.8333333333333334,4707.419942796426,0.5,75
NoMTD,100,0,0.8035714285714286,5794.868785823509,0.6,75
NoMTD,100,0,0.8076923076923077,6419.271915369351,0.7,75
NoMTD,100,0,0.8108108108108109,6707.001395144966,0.8,75
NoMTD,100,0,0.7692307692307693,1907.3777907412673,0.1,100
NoMTD,100,0,0.8695652173913043,3039.7606388755253,0.2,100
NoMTD,100,0,0.9090909090909091,4177.431593296257,0.3,100
NoMTD,100,0,0.9090909090909091,4876.886164593496,0.4,100
NoMTD,100,0,0.8928571428571429,5369.395448975393,0.5,100
NoMTD,100,0,0.8823529411764706,5942.744458779298,0.6,100
NoMTD,100,0,0.8641975308641975,6555.250187648839,0.7,100
NoMTD,100,0,0.8791208791208791,6845.499198722047,0.8,100
NoMTD,200,0,0.625,627.9429786801531,0.1,25
NoMTD,200,0,0.625,1208.9217271788211,0.2,25
NoMTD,200,0,0.75,1669.9137775319405,0.3,25
NoMTD,200,0,0.7692307692307693,1878.2779619085022,0.4,25
NoMTD,200,0,0.8333333333333334,1928.2779619085022,0.5,25
NoMTD,200,0,0.8333333333333334,2024.6301828799092,0.6,25
NoMTD,200,0,0.875,2155.916791675515,0.7,25
NoMTD,200,0,0.8695652173913043,2462.914944088163,0.8,25
NoMTD,200,0,0.5,1711.0861210880844,0.1,50
NoMTD,200,0,0.5882352941176471,2528.518247239042,0.2,50
NoMTD,200,0,0.6818181818181818,2917.243484191208,0.3,50
NoMTD,200,0,0.7142857142857143,3315.0744142205,0.4,50
NoMTD,200,0,0.7142857142857143,3711.9484387793727,0.5,50
NoMTD,200,0,0.75,4297.329272028955,0.6,50
NoMTD,200,0,0.7608695652173914,4830.370406518737,0.7,50
NoMTD,200,0,0.7843137254901961,5150.142030211616,0.8,50
NoMTD,200,0,0.625,1293.377838561146,0.1,75
NoMTD,200,0,0.6818181818181818,2263.5706540317265,0.2,75
NoMTD,200,0,0.75,3178.0852743356522,0.3,75
NoMTD,200,0,0.7894736842105263,3870.6109877302215,0.4,75
NoMTD,200,0,0.8152173913043478,4216.114728007836,0.5,75
NoMTD,200,0,0.7627118644067796,5388.898375563482,0.6,75
NoMTD,200,0,0.7835820895522388,6040.73368289011,0.7,75
NoMTD,200,0,0.7792207792207793,6606.931753765384,0.8,75
NoMTD,200,0,0.7692307692307693,1695.7740831164435,0.1,100
NoMTD,200,0,0.8333333333333334,3189.650211124924,0.2,100
NoMTD,200,0,0.8108108108108109,4203.402193742386,0.3,100
NoMTD,200,0,0.851063829787234,4970.829468274918,0.4,100
NoMTD,200,0,0.8771929824561403,5417.50796156692,0.5,100
NoMTD,200,0,0.8823529411764706,5899.427792499079,0.6,100
NoMTD,200,0,0.8974358974358975,6408.228985390753,0.7,100
NoMTD,200,0,0.898876404494382,6869.763172951121,0.8,100
NoMTD,100,0,0.625,595.2476107849869,0.1,25
NoMTD,100,0,0.625,1218.795203635242,0.2,25
NoMTD,100,0,0.75,1348.294213369095,0.3,25
NoMTD,100,0,0.7692307692307693,1629.4838593631187,0.4,25
NoMTD,100,0,0.78125,1781.456738719677,0.5,25
NoMTD,100,0,0.7894736842105263,1917.1589677592206,0.6,25
NoMTD,100,0,0.8333333333333334,2200.5210202248036,0.7,25
NoMTD,100,0,0.8333333333333334,2487.3343337396245,0.8,25
NoMTD,100,0,0.45454545454545453,1518.3647396427355,0.1,50
NoMTD,100,0,0.5882352941176471,2135.9047233465985,0.2,50
NoMTD,100,0,0.625,2764.9299486904138,0.3,50
NoMTD,100,0,0.6896551724137931,3404.764111912222,0.4,50
NoMTD,100,0,0.6944444444444444,3798.1341309766017,0.5,50
NoMTD,100,0,0.7317073170731707,4213.551091602667,0.6,50
NoMTD,100,0,0.7608695652173914,4581.4978943977,0.7,50
NoMTD,100,0,0.7843137254901961,4920.150517951419,0.8,50
NoMTD,100,0,0.6818181818181818,1480.3763506034545,0.1,75
NoMTD,100,0,0.7894736842105263,2826.997459946816,0.2,75
NoMTD,100,0,0.8653846153846154,3396.4506763871914,0.3,75
NoMTD,100,0,0.8333333333333334,4090.573589741798,0.4,75
NoMTD,100,0,0.872093023255814,4405.78154418494,0.5,75
NoMTD,100,0,0.8653846153846154,5235.474016102253,0.6,75
NoMTD,100,0,0.875,5594.208618929884,0.7,75
NoMTD,100,0,0.821917808219178,6416.894107138543,0.8,75
NoMTD,100,0,0.7142857142857143,2153.4025946077663,0.1,100
NoMTD,100,0,0.8333333333333334,3357.843363345489,0.2,100
NoMTD,100,0,0.8108108108108109,4195.740949474081,0.3,100
NoMTD,100,0,0.8333333333333334,4948.214143325143,0.4,100
NoMTD,100,0,0.847457627118644,5537.55332842059,0.5,100
NoMTD,100,0,0.821917808219178,6254.069647248789,0.6,100
NoMTD,100,0,0.813953488372093,6857.67935422749,0.7,100
NoMTD,100,0,0.8163265306122449,7446.591706276522,0.8,100
NoMTD,200,0,0.5,741.585780542759,0.1,25
NoMTD,200,0,0.5555555555555556,1057.7775105311478,0.2,25
NoMTD,200,0,0.6818181818181818,1299.7623836139005,0.3,25
NoMTD,200,0,0.7142857142857143,1561.0071165788577,0.4,25
NoMTD,200,0,0.7352941176470589,1844.7296532620862,0.5,25
NoMTD,200,0,0.75,1945.3747319832355,0.6,25
NoMTD,200,0,0.7954545454545454,2020.5151158850413,0.7,25
NoMTD,200,0,0.8,2276.484345708241,0.8,25
NoMTD,200,0,0.5555555555555556,1194.2345666852134,0.1,50
NoMTD,200,0,0.7142857142857143,1796.4031702736302,0.2,50
NoMTD,200,0,0.75,2511.4555288066254,0.3,50
NoMTD,200,0,0.7692307692307693,3032.343085242055,0.4,50
NoMTD,200,0,0.8064516129032258,3436.125726271078,0.5,50
NoMTD,200,0,0.7894736842105263,3986.960128703945,0.6,50
NoMTD,200,0,0.813953488372093,4467.265971476906,0.7,50
NoMTD,200,0,0.8163265306122449,4934.2739953016,0.8,50
NoMTD,200,0,0.625,1491.289329034008,0.1,75
NoMTD,200,0,0.7142857142857143,2586.3094701726586,0.2,75
NoMTD,200,0,0.75,3524.116848655867,0.3,75
NoMTD,200,0,0.7317073170731707,4566.876030756674,0.4,75
NoMTD,200,0,0.75,5075.983801267562,0.5,75
NoMTD,200,0,0.7627118644067796,5654.860511530294,0.6,75
NoMTD,200,0,0.7954545454545454,6128.24216412914,0.7,75
NoMTD,200,0,0.7792207792207793,6685.51292824513,0.8,75
NoMTD,200,0,0.7692307692307693,1880.6161145438655,0.1,100
NoMTD,200,0,0.8695652173913043,3121.339179469673,0.2,100
NoMTD,200,0,0.8571428571428571,4160.98074100474,0.3,100
NoMTD,200,0,0.851063829787234,4717.445333695776,0.4,100
NoMTD,200,0,0.8333333333333334,5248.7026259038485,0.5,100
NoMTD,200,0,0.821917808219178,6173.222704434249,0.6,100
NoMTD,200,0,0.8333333333333334,6676.077293688953,0.7,100
NoMTD,200,0,0.8421052631578947,7056.991261469073,0.8,100
NoMTD,100,0,0.625,599.6353545808126,0.1,25
NoMTD,100,0,0.7142857142857143,1195.5311467335596,0.2,25
NoMTD,100,0,0.8333333333333334,1682.1282812531201,0.3,25
NoMTD,100,0,0.8333333333333334,2050.037958951583,0.4,25
NoMTD,100,0,0.8928571428571429,2268.067684200147,0.5,25
NoMTD,100,0,0.8333333333333334,2885.245980190165,0.6,25
NoMTD,100,0,0.875,3097.1638813559057,0.7,25
NoMTD,100,0,0.8695652173913043,3266.5375726161164,0.8,25
NoMTD,100,0,0.45454545454545453,1443.7837517108858,0.1,50
NoMTD,100,0,0.5882352941176471,2228.4350805753957,0.2,50
NoMTD,100,0,0.625,2818.499292840157,0.3,50
NoMTD,100,0,0.625,3403.531169112174,0.4,50
NoMTD,100,0,0.6578947368421053,4169.2749422780425,0.5,50
NoMTD,100,0,0.6976744186046512,4508.57374115643,0.6,50
NoMTD,100,0,0.660377358490566,5129.096281486885,0.7,50
NoMTD,100,0,0.6896551724137931,5376.14623446403,0.8,50
NoMTD,100,0,0.625,1855.346954714109,0.1,75
NoMTD,100,0,0.7142857142857143,2591.4230796534125,0.2,75
NoMTD,100,0,0.8035714285714286,3842.847710217132,0.3,75
NoMTD,100,0,0.8108108108108109,4237.973920012183,0.4,75
NoMTD,100,0,0.8522727272727273,4992.478897606434,0.5,75
NoMTD,100,0,0.8653846153846154,5332.859765155409,0.6,75
NoMTD,100,0,0.8898305084745762,5750.616160146813,0.7,75
NoMTD,100,0,0.8955223880597015,6240.5843570753295,0.8,75
NoMTD,100,0,0.43478260869565216,2851.554167350151,0.1,100
NoMTD,100,0,0.5263157894736842,4035.5610733966305,0.2,100
NoMTD,100,0,0.5769230769230769,4826.278086228998,0.3,100
NoMTD,100,0,0.625,5759.693076659656,0.4,100
NoMTD,100,0,0.6578947368421053,6751.35841081961,0.5,100
NoMTD,100,0,0.6896551724137931,7266.879391277334,0.6,100
NoMTD,100,0,0.7070707070707071,7922.287109485815,0.7,100
NoMTD,100,0,0.7207207207207207,8557.887089227414,0.8,100
NoMTD,200,0,0.625,596.6426092281911,0.1,25
NoMTD,200,0,0.7142857142857143,1188.2787877686235,0.2,25
NoMTD,200,0,0.8333333333333334,1616.5868462326143,0.3,25
NoMTD,200,0,0.8333333333333334,2153.6792968410787,0.4,25
NoMTD,200,0,0.8928571428571429,2370.090101435034,0.5,25
NoMTD,200,0,0.8823529411764706,2810.0749930188367,0.6,25
NoMTD,200,0,0.9210526315789473,2965.0850506120523,0.7,25
NoMTD,200,0,0.9090909090909091,3232.1378145449976,0.8,25
NoMTD,200,0,0.4166666666666667,1589.9027070295674,0.1,50
NoMTD,200,0,0.5882352941176471,2304.4023264157163,0.2,50
NoMTD,200,0,0.6,3186.404836934702,0.3,50
NoMTD,200,0,0.5714285714285714,3879.0761085235035,0.4,50
NoMTD,200,0,0.6097560975609756,4172.637274741471,0.5,50
NoMTD,200,0,0.625,4455.628619008581,0.6,50
NoMTD,200,0,0.6363636363636364,5010.773068826741,0.7,50
NoMTD,200,0,0.6557377049180327,5513.1258281890205,0.8,50
NoMTD,200,0,0.6818181818181818,1754.655979869312,0.1,75
NoMTD,200,0,0.7142857142857143,2680.4553507965024,0.2,75
NoMTD,200,0,0.8035714285714286,3308.736688860593,0.3,75
NoMTD,200,0,0.8333333333333334,4346.255997451736,0.4,75
NoMTD,200,0,0.872093023255814,4654.619765658465,0.5,75
NoMTD,200,0,0.8823529411764706,4941.551938273402,0.6,75
NoMTD,200,0,0.9051724137931034,5323.083997257193,0.7,75
NoMTD,200,0,0.9090909090909091,5876.126386703297,0.8,75
NoMTD,200,0,0.47619047619047616,2569.796360163816,0.1,100
NoMTD,200,0,0.5714285714285714,3554.057898847309,0.2,100
NoMTD,200,0,0.6122448979591837,4744.032648924302,0.3,100
NoMTD,200,0,0.6779661016949152,5427.931827103599,0.4,100
NoMTD,200,0,0.7142857142857143,6163.027768062535,0.5,100
NoMTD,200,0,0.75,6856.3838223726325,0.6,100
NoMTD,200,0,0.7777777777777778,7378.184435582261,0.7,100
NoMTD,200,0,0.7843137254901961,8384.447081848859,0.8,100
NoMTD,100,0,0.625,652.4575328782215,0.1,25,5,0.8298095238095239,1.5003897271825175,1.1794921031221783,0
NoMTD,100,0,0.625,1080.2631623037973,0.2,25,5,0.8298095238095239,1.5003897271825175,1.1794921031221783,0
NoMTD,100,0,0.75,1309.3711230326112,0.3,25,5,0.8298095238095239,1.5003897271825175,1.1794921031221783,0
NoMTD,100,0,0.6666666666666666,2039.474374022936,0.4,25,5,0.8298095238095239,1.5003897271825175,1.1794921031221783,0
NoMTD,100,0,0.7352941176470589,2294.5812012528263,0.5,25,5,0.8298095238095239,1.5003897271825175,1.1794921031221783,0
NoMTD,100,0,0.75,2666.934691233984,0.6,25,5,0.8298095238095239,1.5003897271825175,1.1794921031221783,0
NoMTD,100,0,0.7954545454545454,2852.911168240677,0.7,25,5,0.8298095238095239,1.5003897271825175,1.1794921031221783,0
NoMTD,100,0,0.7692307692307693,3036.073412805138,0.8,25,5,0.8298095238095239,1.5003897271825175,1.1794921031221783,0
NoMTD,100,0,0.625,1165.5541504713826,0.1,50,5,0.6256746031746032,0.9211376426842415,3.8087754382405477,0
NoMTD,100,0,0.7692307692307693,2132.0886722788437,0.2,50,5,0.6256746031746032,0.9211376426842415,3.8087754382405477,0
NoMTD,100,0,0.8333333333333334,2431.8119889374348,0.3,50,5,0.6256746031746032,0.9211376426842415,3.8087754382405477,0
NoMTD,100,0,0.8695652173913043,2893.796623682452,0.4,50,5,0.6256746031746032,0.9211376426842415,3.8087754382405477,0
NoMTD,100,0,0.8928571428571429,3076.4127995332256,0.5,50,5,0.6256746031746032,0.9211376426842415,3.8087754382405477,0
NoMTD,100,0,0.9090909090909091,3479.3204802925206,0.6,50,5,0.6256746031746032,0.9211376426842415,3.8087754382405477,0
NoMTD,100,0,0.8974358974358975,3858.068746961043,0.7,50,5,0.6256746031746032,0.9211376426842415,3.8087754382405477,0
NoMTD,100,0,0.8888888888888888,4052.445536111556,0.8,50,5,0.6256746031746032,0.9211376426842415,3.8087754382405477,0
NoMTD,100,0,0.75,1400.9162403596356,0.1,75,5,0.49032275132275155,0.3210299194779359,1.0113917997201272,0
NoMTD,100,0,0.8333333333333334,2284.2945721165047,0.2,75,5,0.49032275132275155,0.3210299194779359,1.0113917997201272,0
NoMTD,100,0,0.9,2930.5340821519417,0.3,75,5,0.49032275132275155,0.3210299194779359,1.0113917997201272,0
NoMTD,100,0,0.8823529411764706,3474.170797111106,0.4,75,5,0.49032275132275155,0.3210299194779359,1.0113917997201272,0
NoMTD,100,0,0.9146341463414634,3986.7222734795605,0.5,75,5,0.49032275132275155,0.3210299194779359,1.0113917997201272,0
NoMTD,100,0,0.9,5116.161315075561,0.6,75,5,0.49032275132275155,0.3210299194779359,1.0113917997201272,0
NoMTD,100,0,0.9051724137931034,5597.204501783239,0.7,75,5,0.49032275132275155,0.3210299194779359,1.0113917997201272,0
NoMTD,100,0,0.8695652173913043,6171.875615800979,0.8,75,5,0.49032275132275155,0.3210299194779359,1.0113917997201272,0
NoMTD,100,0,0.625,2517.774376535125,0.1,100,5,0.4361865079365079,0.902524359249812,3.9306614413785144,0
NoMTD,100,0,0.7692307692307693,3916.453192436996,0.2,100,5,0.4361865079365079,0.902524359249812,3.9306614413785144,0
NoMTD,100,0,0.7894736842105263,5001.910851935937,0.3,100,5,0.4361865079365079,0.902524359249812,3.9306614413785144,0
NoMTD,100,0,0.8,5897.983201363784,0.4,100,5,0.4361865079365079,0.902524359249812,3.9306614413785144,0
NoMTD,100,0,0.8333333333333334,6410.954805330482,0.5,100,5,0.4361865079365079,0.902524359249812,3.9306614413785144,0
NoMTD,100,0,0.8333333333333334,7000.575252641745,0.6,100,5,0.4361865079365079,0.902524359249812,3.9306614413785144,0
NoMTD,100,0,0.8536585365853658,7292.01426145048,0.7,100,5,0.4361865079365079,0.902524359249812,3.9306614413785144,0
NoMTD,100,0,0.8695652173913043,7956.726939441243,0.8,100,5,0.4361865079365079,0.902524359249812,3.9306614413785144,0
NoMTD,200,0,0.625,640.3809754298181,0.1,25,5,0.8298095238095239,0.13063996879745768,0.5024660125630671,0
NoMTD,200,0,0.7142857142857143,1109.730916023353,0.2,25,5,0.8298095238095239,0.13063996879745768,0.5024660125630671,0
NoMTD,200,0,0.8333333333333334,1520.6530514285282,0.3,25,5,0.8298095238095239,0.13063996879745768,0.5024660125630671,0
NoMTD,200,0,0.7692307692307693,2199.320724592214,0.4,25,5,0.8298095238095239,0.13063996879745768,0.5024660125630671,0
NoMTD,200,0,0.8333333333333334,2309.5261600290305,0.5,25,5,0.8298095238095239,0.13063996879745768,0.5024660125630671,0
NoMTD,200,0,0.7894736842105263,2673.2380849049105,0.6,25,5,0.8298095238095239,0.13063996879745768,0.5024660125630671,0
NoMTD,200,0,0.8333333333333334,2790.6321098542567,0.7,25,5,0.8298095238095239,0.13063996879745768,0.5024660125630671,0
NoMTD,200,0,0.8333333333333334,2976.630013112021,0.8,25,5,0.8298095238095239,0.13063996879745768,0.5024660125630671,0
NoMTD,200,0,0.625,896.7829592905113,0.1,50,5,0.6256746031746032,0.48521280802584016,1.958288070119303,0
NoMTD,200,0,0.7692307692307693,1739.6179837860611,0.2,50,5,0.6256746031746032,0.48521280802584016,1.958288070119303,0
NoMTD,200,0,0.8333333333333334,2194.8825128204594,0.3,50,5,0.6256746031746032,0.48521280802584016,1.958288070119303,0
NoMTD,200,0,0.8695652173913043,2737.8617235888287,0.4,50,5,0.6256746031746032,0.48521280802584016,1.958288070119303,0
NoMTD,200,0,0.8928571428571429,3062.517100430473,0.5,50,5,0.6256746031746032,0.48521280802584016,1.958288070119303,0
NoMTD,200,0,0.9090909090909091,3480.9902561265385,0.6,50,5,0.6256746031746032,0.48521280802584016,1.958288070119303,0
NoMTD,200,0,0.9210526315789473,3643.452287250989,0.7,50,5,0.6256746031746032,0.48521280802584016,1.958288070119303,0
NoMTD,200,0,0.9090909090909091,3906.0922610569914,0.8,50,5,0.6256746031746032,0.48521280802584016,1.958288070119303,0
NoMTD,200,0,0.8333333333333334,1376.4976661288058,0.1,75,5,0.49032275132275155,7.8863621305689815,8.30898862863322,0
NoMTD,200,0,0.8823529411764706,2337.494041932425,0.2,75,5,0.49032275132275155,7.8863621305689815,8.30898862863322,0
NoMTD,200,0,0.9375,2769.674442872733,0.3,75,5,0.49032275132275155,7.8863621305689815,8.30898862863322,0
NoMTD,200,0,0.9375,3399.7292449816678,0.4,75,5,0.49032275132275155,7.8863621305689815,8.30898862863322,0
NoMTD,200,0,0.9615384615384616,3839.8059247341907,0.5,75,5,0.49032275132275155,7.8863621305689815,8.30898862863322,0
NoMTD,200,0,0.9574468085106383,4340.03419064353,0.6,75,5,0.49032275132275155,7.8863621305689815,8.30898862863322,0
NoMTD,200,0,0.9051724137931034,5206.4689458298735,0.7,75,5,0.49032275132275155,7.8863621305689815,8.30898862863322,0
NoMTD,200,0,0.9090909090909091,5518.224591243331,0.8,75,5,0.49032275132275155,7.8863621305689815,8.30898862863322,0
NoMTD,200,0,0.625,2361.0240960777046,0.1,100,5,0.4361865079365079,0.7240944843040973,2.4943554697483763,0
NoMTD,200,0,0.7692307692307693,3282.5751909426954,0.2,100,5,0.4361865079365079,0.7240944843040973,2.4943554697483763,0
NoMTD,200,0,0.8333333333333334,4219.819415077677,0.3,100,5,0.4361865079365079,0.7240944843040973,2.4943554697483763,0
NoMTD,200,0,0.8695652173913043,4984.533694212523,0.4,100,5,0.4361865079365079,0.7240944843040973,2.4943554697483763,0
NoMTD,200,0,0.8928571428571429,5872.52032935596,0.5,100,5,0.4361865079365079,0.7240944843040973,2.4943554697483763,0
NoMTD,200,0,0.9090909090909091,6434.482926793962,0.6,100,5,0.4361865079365079,0.7240944843040973,2.4943554697483763,0
NoMTD,200,0,0.8974358974358975,7084.40093099876,0.7,100,5,0.4361865079365079,0.7240944843040973,2.4943554697483763,0
NoMTD,200,0,0.898876404494382,7542.5242873481675,0.8,100,5,0.4361865079365079,0.7240944843040973,2.4943554697483763,0
NoMTD,100,0,0.625,650.8786161034299,0.1,25,5,0.8298095238095239,0.07926655698866705,0.14721895935864968,0
NoMTD,100,0,0.7142857142857143,1024.7467700237487,0.2,25,5,0.8298095238095239,0.07926655698866705,0.14721895935864968,0
NoMTD,100,0,0.75,1345.3493303005177,0.3,25,5,0.8298095238095239,0.07926655698866705,0.14721895935864968,0
NoMTD,100,0,0.7142857142857143,2043.4457399507282,0.4,25,5,0.8298095238095239,0.07926655698866705,0.14721895935864968,0
NoMTD,100,0,0.78125,2190.182632328286,0.5,25,5,0.8298095238095239,0.07926655698866705,0.14721895935864968,0
NoMTD,100,0,0.75,2541.6739485470175,0.6,25,5,0.8298095238095239,0.07926655698866705,0.14721895935864968,0
NoMTD,100,0,0.7954545454545454,2856.5025455904465,0.7,25,5,0.8298095238095239,0.07926655698866705,0.14721895935864968,0
NoMTD,100,0,0.8,3019.5066206237643,0.8,25,5,0.8298095238095239,0.07926655698866705,0.14721895935864968,0
NoMTD,100,0,0.45454545454545453,1049.1494127611122,0.1,50,5,0.6256746031746032,0.14116012803470762,0.5100963728796647,0
NoMTD,100,0,0.5,1729.1256928325543,0.2,50,5,0.6256746031746032,0.14116012803470762,0.5100963728796647,0
NoMTD,100,0,0.6,2390.7395264181528,0.3,50,5,0.6256746031746032,0.14116012803470762,0.5100963728796647,0
NoMTD,100,0,0.6666666666666666,2900.004850634858,0.4,50,5,0.6256746031746032,0.14116012803470762,0.5100963728796647,0
NoMTD,100,0,0.7142857142857143,3101.9480084715397,0.5,50,5,0.6256746031746032,0.14116012803470762,0.5100963728796647,0
NoMTD,100,0,0.75,3526.067487098827,0.6,50,5,0.6256746031746032,0.14116012803470762,0.5100963728796647,0
NoMTD,100,0,0.7777777777777778,3695.7917353198027,0.7,50,5,0.6256746031746032,0.14116012803470762,0.5100963728796647,0
NoMTD,100,0,0.7843137254901961,3957.8885306216716,0.8,50,5,0.6256746031746032,0.14116012803470762,0.5100963728796647,0
NoMTD,100,0,0.8333333333333334,1296.7472983862308,0.1,75,5,0.49032275132275155,0.013142200979838137,0.056638022517949506,0
NoMTD,100,0,0.8823529411764706,2300.7459848581466,0.2,75,5,0.49032275132275155,0.013142200979838137,0.056638022517949506,0
NoMTD,100,0,0.9,2751.8994979360073,0.3,75,5,0.49032275132275155,0.013142200979838137,0.056638022517949506,0
NoMTD,100,0,0.9090909090909091,3270.787750368387,0.4,75,5,0.49032275132275155,0.013142200979838137,0.056638022517949506,0
NoMTD,100,0,0.8928571428571429,4220.998439996555,0.5,75,5,0.49032275132275155,0.013142200979838137,0.056638022517949506,0
NoMTD,100,0,0.8823529411764706,5113.244318355646,0.6,75,5,0.49032275132275155,0.013142200979838137,0.056638022517949506,0
NoMTD,100,0,0.9051724137931034,5429.98611275357,0.7,75,5,0.49032275132275155,0.013142200979838137,0.056638022517949506,0
NoMTD,100,0,0.8695652173913043,5870.054159284,0.8,75,5,0.49032275132275155,0.013142200979838137,0.056638022517949506,0
NoMTD,100,0,0.6666666666666666,2648.6621915935275,0.1,100,5,0.4361865079365079,4.021269362728854,3.3643671191673716,0
NoMTD,100,0,0.7407407407407407,3588.0928516710583,0.2,100,5,0.4361865079365079,4.021269362728854,3.3643671191673716,0
NoMTD,100,0,0.7894736842105263,4500.317782471563,0.3,100,5,0.4361865079365079,4.021269362728854,3.3643671191673716,0
NoMTD,100,0,0.8333333333333334,5218.850509211922,0.4,100,5,0.4361865079365079,4.021269362728854,3.3643671191673716,0
NoMTD,100,0,0.8620689655172413,5841.325262191448,0.5,100,5,0.4361865079365079,4.021269362728854,3.3643671191673716,0
NoMTD,100,0,0.8823529411764706,6298.414183885199,0.6,100,5,0.4361865079365079,4.021269362728854,3.3643671191673716,0
NoMTD,100,0,0.875,6829.616730127886,0.7,100,5,0.4361865079365079,4.021269362728854,3.3643671191673716,0
NoMTD,100,0,0.8888888888888888,7256.854546523369,0.8,100,5,0.4361865079365079,4.021269362728854,3.3643671191673716,0
NoMTD,200,0,0.2777777777777778,1114.603212444031,0.1,25,5,0.8298095238095239,7.900853473438304,6.1036917158775355,0
NoMTD,200,0,0.4166666666666667,1433.8765339762565,0.2,25,5,0.8298095238095239,7.900853473438304,6.1036917158775355,0
NoMTD,200,0,0.5,1811.0467278070953,0.3,25,5,0.8298095238095239,7.900853473438304,6.1036917158775355,0
NoMTD,200,0,0.5263157894736842,2222.696166776329,0.4,25,5,0.8298095238095239,7.900853473438304,6.1036917158775355,0
NoMTD,200,0,0.5952380952380952,2378.6926232486103,0.5,25,5,0.8298095238095239,7.900853473438304,6.1036917158775355,0
NoMTD,200,0,0.6,2978.6608877448116,0.6,25,5,0.8298095238095239,7.900853473438304,6.1036917158775355,0
NoMTD,200,0,0.6481481481481481,3126.9982569772615,0.7,25,5,0.8298095238095239,7.900853473438304,6.1036917158775355,0
NoMTD,200,0,0.6666666666666666,3412.6856346583154,0.8,25,5,0.8298095238095239,7.900853473438304,6.1036917158775355,0
NoMTD,200,0,0.625,1129.108190001024,0.1,50,5,0.6256746031746032,0.8673103033409437,2.60807052868013,0
NoMTD,200,0,0.7692307692307693,1456.779043694387,0.2,50,5,0.6256746031746032,0.8673103033409437,2.60807052868013,0
NoMTD,200,0,0.7894736842105263,2138.1021951203434,0.3,50,5,0.6256746031746032,0.8673103033409437,2.60807052868013,0
NoMTD,200,0,0.8333333333333334,2733.147022805554,0.4,50,5,0.6256746031746032,0.8673103033409437,2.60807052868013,0
NoMTD,200,0,0.8620689655172413,3032.0799076125963,0.5,50,5,0.6256746031746032,0.8673103033409437,2.60807052868013,0
NoMTD,200,0,0.8823529411764706,3524.048171634816,0.6,50,5,0.6256746031746032,0.8673103033409437,2.60807052868013,0
NoMTD,200,0,0.875,3781.3366515428133,0.7,50,5,0.6256746031746032,0.8673103033409437,2.60807052868013,0
NoMTD,200,0,0.7843137254901961,4250.825862580929,0.8,50,5,0.6256746031746032,0.8673103033409437,2.60807052868013,0
NoMTD,200,0,0.6818181818181818,1422.0570286598806,0.1,75,5,0.49032275132275155,0.3210299194779359,1.0113917997201272,0
NoMTD,200,0,0.7894736842105263,2362.908825385586,0.2,75,5,0.49032275132275155,0.3210299194779359,1.0113917997201272,0
NoMTD,200,0,0.8653846153846154,3487.5832782750203,0.3,75,5,0.49032275132275155,0.3210299194779359,1.0113917997201272,0
NoMTD,200,0,0.8823529411764706,4015.196920450977,0.4,75,5,0.49032275132275155,0.3210299194779359,1.0113917997201272,0
NoMTD,200,0,0.9146341463414634,4566.351766227851,0.5,75,5,0.49032275132275155,0.3210299194779359,1.0113917997201272,0
NoMTD,200,0,0.8823529411764706,5212.889685831271,0.6,75,5,0.49032275132275155,0.3210299194779359,1.0113917997201272,0
NoMTD,200,0,0.860655737704918,5634.269536799626,0.7,75,5,0.49032275132275155,0.3210299194779359,1.0113917997201272,0
NoMTD,200,0,0.8695652173913043,5950.537597456314,0.8,75,5,0.49032275132275155,0.3210299194779359,1.0113917997201272,0
NoMTD,200,0,0.625,2531.54889877186,0.1,100,5,0.4361865079365079,0.9545864228809203,3.333758224068454,0
NoMTD,200,0,0.7142857142857143,4119.1991745813975,0.2,100,5,0.4361865079365079,0.9545864228809203,3.333758224068454,0
NoMTD,200,0,0.7894736842105263,4679.384010060707,0.3,100,5,0.4361865079365079,0.9545864228809203,3.333758224068454,0
NoMTD,200,0,0.8333333333333334,5298.520591686272,0.4,100,5,0.4361865079365079,0.9545864228809203,3.333758224068454,0
NoMTD,200,0,0.8620689655172413,5732.085955674473,0.5,100,5,0.4361865079365079,0.9545864228809203,3.333758224068454,0
NoMTD,200,0,0.8823529411764706,6113.457207671251,0.6,100,5,0.4361865079365079,0.9545864228809203,3.333758224068454,0
NoMTD,200,0,0.8974358974358975,6830.522865585822,0.7,100,5,0.4361865079365079,0.9545864228809203,3.333758224068454,0
NoMTD,200,0,0.9090909090909091,7133.523618055517,0.8,100,5,0.4361865079365079,0.9545864228809203,3.333758224068454,0
CompleteTopologyShuffle,100,0.00500891740771534,0.19230769230769232,1526.1955657977371,0.1,25,5,0.836111111111111,0.6784121126822796,2.793690702962367,0.0
CompleteTopologyShuffle,100,0.00500891740771534,0.19230769230769232,2554.7517827164297,0.2,25,5,0.836111111111111,0.6784121126822796,2.793690702962367,0.0
CompleteTopologyShuffle,100,0.00500891740771534,0.21428571428571427,3053.434887607397,0.3,25,5,0.836111111111111,0.6784121126822796,2.793690702962367,0.0
CompleteTopologyShuffle,100,0.00500891740771534,0.16129032258064516,4827.06667160742,0.4,25,5,0.836111111111111,0.6784121126822796,2.793690702962367,0.0
CompleteTopologyShuffle,100,0.00500891740771534,0.16891891891891891,5425.576013488374,0.5,25,5,0.836111111111111,0.6784121126822796,2.793690702962367,0.0
CompleteTopologyShuffle,100,0.00500891740771534,0.13392857142857142,7312.4536170544325,0.6,25,5,0.836111111111111,0.6784121126822796,2.793690702962367,0.0
CompleteTopologyShuffle,100,0.00500891740771534,0.13059701492537312,8419.504525097731,0.7,25,5,0.836111111111111,0.6784121126822796,2.793690702962367,0.0
CompleteTopologyShuffle,100,0.00500891740771534,0.12987012987012986,9347.963784156558,0.8,25,5,0.836111111111111,0.6784121126822796,2.793690702962367,0.0
CompleteTopologyShuffle,100,0.005013742549019451,0.20833333333333334,1672.4159662783397,0.1,50,5,0.6600396825396827,0.4854370486653019,2.049599833369263,0.0
CompleteTopologyShuffle,100,0.005013742549019451,0.20408163265306123,3242.8484995050435,0.2,50,5,0.6600396825396827,0.4854370486653019,2.049599833369263,0.0
CompleteTopologyShuffle,100,0.005013742549019451,0.21739130434782608,4330.361162412357,0.3,50,5,0.6600396825396827,0.4854370486653019,2.049599833369263,0.0
CompleteTopologyShuffle,100,0.005013742549019451,0.22988505747126436,5339.196808142261,0.4,50,5,0.6600396825396827,0.4854370486653019,2.049599833369263,0.0
CompleteTopologyShuffle,100,0.005013742549019451,0.24271844660194175,6304.043831222043,0.5,50,5,0.6600396825396827,0.4854370486653019,2.049599833369263,0.0
CompleteTopologyShuffle,100,0.005013742549019451,0.27522935779816515,6496.1750901246705,0.6,50,5,0.6600396825396827,0.4854370486653019,2.049599833369263,0.0
CompleteTopologyShuffle,100,0.005013742549019451,0.3017241379310345,6823.096986528177,0.7,50,5,0.6600396825396827,0.4854370486653019,2.049599833369263,0.0
CompleteTopologyShuffle,100,0.005013742549019451,0.3252032520325203,7077.98916175275,0.8,50,5,0.6600396825396827,0.4854370486653019,2.049599833369263,0.0
CompleteTopologyShuffle,100,0.004996799132134333,0.25,3249.920046671275,0.1,75,5,0.49278306878306904,0.22945886856051634,0.8484956091262162,0.6464646464646465
CompleteTopologyShuffle,100,0.004996799132134333,0.30612244897959184,4515.828292131291,0.2,75,5,0.49278306878306904,0.22945886856051634,0.8484956091262162,0.6464646464646465
CompleteTopologyShuffle,100,0.004996799132134333,0.36885245901639346,5303.429606567859,0.3,75,5,0.49278306878306904,0.22945886856051634,0.8484956091262162,0.6464646464646465
CompleteTopologyShuffle,100,0.004996799132134333,0.3191489361702128,6892.160148510277,0.4,75,5,0.49278306878306904,0.22945886856051634,0.8484956091262162,0.6464646464646465
CompleteTopologyShuffle,100,0.004996799132134333,0.33783783783783783,7640.418291415388,0.5,75,5,0.49278306878306904,0.22945886856051634,0.8484956091262162,0.6464646464646465
CompleteTopologyShuffle,100,0.004996799132134333,0.371900826446281,8090.533684984643,0.6,75,5,0.49278306878306904,0.22945886856051634,0.8484956091262162,0.6464646464646465
CompleteTopologyShuffle,100,0.004996799132134333,0.3723404255319149,9223.300664557712,0.7,75,5,0.49278306878306904,0.22945886856051634,0.8484956091262162,0.6464646464646465
CompleteTopologyShuffle,100,0.004996799132134333,0.20408163265306123,15215.337508507399,0.8,75,5,0.49278306878306904,0.22945886856051634,0.8484956091262162,0.6464646464646465
CompleteTopologyShuffle,100,0.005005507422946076,0.3125,3209.8016516652087,0.1,100,5,0.4405634920634919,1.3515690556189934,4.9684156255339715,0.0
CompleteTopologyShuffle,100,0.005005507422946076,0.36363636363636365,5204.240334108856,0.2,100,5,0.4405634920634919,1.3515690556189934,4.9684156255339715,0.0
CompleteTopologyShuffle,100,0.005005507422946076,0.38961038961038963,6511.558010582272,0.3,100,5,0.4405634920634919,1.3515690556189934,4.9684156255339715,0.0
CompleteTopologyShuffle,100,0.005005507422946076,0.37735849056603776,7805.471491651162,0.4,100,5,0.4405634920634919,1.3515690556189934,4.9684156255339715,0.0
CompleteTopologyShuffle,100,0.005005507422946076,0.42735042735042733,8149.725636246114,0.5,100,5,0.4405634920634919,1.3515690556189934,4.9684156255339715,0.0
CompleteTopologyShuffle,100,0.005005507422946076,0.46511627906976744,8664.577656153404,0.6,100,5,0.4405634920634919,1.3515690556189934,4.9684156255339715,0.0
CompleteTopologyShuffle,100,0.005005507422946076,0.49645390070921985,9047.432815613234,0.7,100,5,0.4405634920634919,1.3515690556189934,4.9684156255339715,0.0
CompleteTopologyShuffle,100,0.005005507422946076,0.5228758169934641,9366.412137463125,0.8,100,5,0.4405634920634919,1.3515690556189934,4.9684156255339715,0.0
CompleteTopologyShuffle,200,0.005040367586857265,0.20833333333333334,1535.156162682485,0.1,25,5,0.8425873015873014,0.6961682431476088,1.797849501011044,0.5263157894736842
CompleteTopologyShuffle,200,0.005040367586857265,0.2631578947368421,2088.9823375628175,0.2,25,5,0.8425873015873014,0.6961682431476088,1.797849501011044,0.5263157894736842
CompleteTopologyShuffle,200,0.005040367586857265,0.25,2822.048047060895,0.3,25,5,0.8425873015873014,0.6961682431476088,1.797849501011044,0.5263157894736842
CompleteTopologyShuffle,200,0.005040367586857265,0.18181818181818182,4606.80002664573,0.4,25,5,0.8425873015873014,0.6961682431476088,1.797849501011044,0.5263157894736842
CompleteTopologyShuffle,200,0.005040367586857265,0.211864406779661,4932.619613252193,0.5,25,5,0.8425873015873014,0.6961682431476088,1.797849501011044,0.5263157894736842
CompleteTopologyShuffle,200,0.005040367586857265,0.22727272727272727,5549.252680063465,0.6,25,5,0.8425873015873014,0.6961682431476088,1.797849501011044,0.5263157894736842
CompleteTopologyShuffle,200,0.005040367586857265,0.25,5845.298461039247,0.7,25,5,0.8425873015873014,0.6961682431476088,1.797849501011044,0.5263157894736842
CompleteTopologyShuffle,200,0.005040367586857265,0.26666666666666666,6074.3268270936305,0.8,25,5,0.8425873015873014,0.6961682431476088,1.797849501011044,0.5263157894736842
CompleteTopologyShuffle,200,0.005024618542379241,0.25,1371.3159960980072,0.1,50,5,0.6501587301587303,0.7543453759855884,3.0029021479382387,0.0
CompleteTopologyShuffle,200,0.005024618542379241,0.24390243902439024,2775.9892609830667,0.2,50,5,0.6501587301587303,0.7543453759855884,3.0029021479382387,0.0
CompleteTopologyShuffle,200,0.005024618542379241,0.2112676056338028,4753.252813193747,0.3,50,5,0.6501587301587303,0.7543453759855884,3.0029021479382387,0.0
CompleteTopologyShuffle,200,0.005024618542379241,0.22988505747126436,5657.487773518337,0.4,50,5,0.6501587301587303,0.7543453759855884,3.0029021479382387,0.0
CompleteTopologyShuffle,200,0.005024618542379241,0.25,6214.01366441791,0.5,50,5,0.6501587301587303,0.7543453759855884,3.0029021479382387,0.0
CompleteTopologyShuffle,200,0.005024618542379241,0.27522935779816515,6451.48043002596,0.6,50,5,0.6501587301587303,0.7543453759855884,3.0029021479382387,0.0
CompleteTopologyShuffle,200,0.005024618542379241,0.28225806451612906,7032.18767223887,0.7,50,5,0.6501587301587303,0.7543453759855884,3.0029021479382387,0.0
CompleteTopologyShuffle,200,0.005024618542379241,0.23391812865497075,8838.269069900418,0.8,50,5,0.6501587301587303,0.7543453759855884,3.0029021479382387,0.0
CompleteTopologyShuffle,200,0.00500431197556103,0.26785714285714285,3235.2361496687417,0.1,75,5,0.5080846560846561,0.9254876281607148,4.013360954177639,0.0
CompleteTopologyShuffle,200,0.00500431197556103,0.375,3790.8544795089756,0.2,75,5,0.5080846560846561,0.9254876281607148,4.013360954177639,0.0
CompleteTopologyShuffle,200,0.00500431197556103,0.4090909090909091,4836.249866990198,0.3,75,5,0.5080846560846561,0.9254876281607148,4.013360954177639,0.0
CompleteTopologyShuffle,200,0.00500431197556103,0.42857142857142855,5526.5300199252415,0.4,75,5,0.5080846560846561,0.9254876281607148,4.013360954177639,0.0
CompleteTopologyShuffle,200,0.00500431197556103,0.21676300578034682,9795.579679261085,0.5,75,5,0.5080846560846561,0.9254876281607148,4.013360954177639,0.0
CompleteTopologyShuffle,200,0.00500431197556103,0.24456521739130435,10404.450485763115,0.6,75,5,0.5080846560846561,0.9254876281607148,4.013360954177639,0.0
CompleteTopologyShuffle,200,0.00500431197556103,0.25240384615384615,11591.419817885446,0.7,75,5,0.5080846560846561,0.9254876281607148,4.013360954177639,0.0
CompleteTopologyShuffle,200,0.00500431197556103,0.1485148514851485,19319.46893078444,0.8,75,5,0.5080846560846561,0.9254876281607148,4.013360954177639,0.0
CompleteTopologyShuffle,200,0.005004241743059732,0.4166666666666667,2354.7127012645105,0.1,100,5,0.4511071428571428,1.3515690556189934,4.9684156255339715,0.0
CompleteTopologyShuffle,200,0.005004241743059732,0.4,4659.883487142443,0.2,100,5,0.4511071428571428,1.3515690556189934,4.9684156255339715,0.0
CompleteTopologyShuffle,200,0.005004241743059732,0.09771986970684039,15239.265922806759,0.3,100,5,0.4511071428571428,1.3515690556189934,4.9684156255339715,0.0
CompleteTopologyShuffle,200,0.005004241743059732,0.12461059190031153,15906.596894097194,0.4,100,5,0.4511071428571428,1.3515690556189934,4.9684156255339715,0.0
CompleteTopologyShuffle,200,0.005004241743059732,0.1497005988023952,16373.815460941827,0.5,100,5,0.4511071428571428,1.3515690556189934,4.9684156255339715,0.0
CompleteTopologyShuffle,200,0.005004241743059732,0.17191977077363896,17068.581798854666,0.6,100,5,0.4511071428571428,1.3515690556189934,4.9684156255339715,0.0
CompleteTopologyShuffle,200,0.005004241743059732,0.19444444444444445,17540.575680053407,0.7,100,5,0.4511071428571428,1.3515690556189934,4.9684156255339715,0.0
CompleteTopologyShuffle,200,0.005004241743059732,0.21390374331550802,17969.046275987264,0.8,100,5,0.4511071428571428,1.3515690556189934,4.9684156255339715,0.0
IPShuffle,100,0.005017524220142911,0.17857142857142858,1687.192633200118,0.1,25,5,0.8298095238095239,0.14204329371152688,0.6239347927392269,0
IPShuffle,100,0.005017524220142911,0.1724137931034483,2900.579297699114,0.2,25,5,0.8298095238095239,0.14204329371152688,0.6239347927392269,0
IPShuffle,100,0.005017524220142911,0.21428571428571427,3200.1740423413135,0.3,25,5,0.8298095238095239,0.14204329371152688,0.6239347927392269,0
IPShuffle,100,0.005017524220142911,0.18181818181818182,4617.977183059835,0.4,25,5,0.8298095238095239,0.14204329371152688,0.6239347927392269,0
IPShuffle,100,0.005017524220142911,0.176056338028169,5444.861486929818,0.5,25,5,0.8298095238095239,0.14204329371152688,0.6239347927392269,0
IPShuffle,100,0.005017524220142911,0.14423076923076922,7177.656991358977,0.6,25,5,0.8298095238095239,0.14204329371152688,0.6239347927392269,0
IPShuffle,100,0.005017524220142911,0.15086206896551724,7805.9803912675925,0.7,25,5,0.8298095238095239,0.14204329371152688,0.6239347927392269,0
IPShuffle,100,0.005017524220142911,0.14705882352941177,8711.871990727632,0.8,25,5,0.8298095238095239,0.14204329371152688,0.6239347927392269,0
IPShuffle,100,0.005000625823850086,0.23809523809523808,1452.3404487197502,0.1,50,5,0.6256746031746032,0.4854370486653019,2.049599833369263,0
IPShuffle,100,0.005000625823850086,0.2127659574468085,3252.3530487350536,0.2,50,5,0.6256746031746032,0.4854370486653019,2.049599833369263,0
IPShuffle,100,0.005000625823850086,0.23809523809523808,4334.860741502791,0.3,50,5,0.6256746031746032,0.4854370486653019,2.049599833369263,0
IPShuffle,100,0.005000625823850086,0.2597402597402597,5034.708361110997,0.4,50,5,0.6256746031746032,0.4854370486653019,2.049599833369263,0
IPShuffle,100,0.005000625823850086,0.2604166666666667,6292.899369845332,0.5,50,5,0.6256746031746032,0.4854370486653019,2.049599833369263,0
IPShuffle,100,0.005000625823850086,0.28846153846153844,6540.733360304535,0.6,50,5,0.6256746031746032,0.4854370486653019,2.049599833369263,0
IPShuffle,100,0.005000625823850086,0.30701754385964913,6930.445130653981,0.7,50,5,0.6256746031746032,0.4854370486653019,2.049599833369263,0
IPShuffle,100,0.005000625823850086,0.15810276679841898,12330.829361146258,0.8,50,5,0.6256746031746032,0.4854370486653019,2.049599833369263,0
IPShuffle,100,0.004989904281469361,0.26785714285714285,3208.945494188433,0.1,75,5,0.49032275132275155,0.28327008291179734,0.33312991158092314,0
IPShuffle,100,0.004989904281469361,0.3333333333333333,4267.338023837225,0.2,75,5,0.49032275132275155,0.28327008291179734,0.33312991158092314,0
IPShuffle,100,0.004989904281469361,0.4017857142857143,4892.734540912019,0.3,75,5,0.49032275132275155,0.28327008291179734,0.33312991158092314,0
IPShuffle,100,0.004989904281469361,0.33707865168539325,6411.725433815427,0.4,75,5,0.49032275132275155,0.28327008291179734,0.33312991158092314,0
IPShuffle,100,0.004989904281469361,0.14097744360902256,13440.622081469517,0.5,75,5,0.49032275132275155,0.28327008291179734,0.33312991158092314,0
IPShuffle,100,0.004989904281469361,0.1618705035971223,13920.414603617794,0.6,75,5,0.49032275132275155,0.28327008291179734,0.33312991158092314,0
IPShuffle,100,0.004989904281469361,0.17558528428093645,15073.015672320922,0.7,75,5,0.49032275132275155,0.28327008291179734,0.33312991158092314,0
IPShuffle,100,0.004989904281469361,0.13157894736842105,21144.279516558592,0.8,75,5,0.49032275132275155,0.28327008291179734,0.33312991158092314,0
IPShuffle,100,0.004993376493123424,0.30303030303030304,2500.4306398297695,0.1,100,5,0.4361865079365079,1.3515690556189934,4.9684156255339715,0
IPShuffle,100,0.004993376493123424,0.3508771929824561,4779.141788600055,0.2,100,5,0.4361865079365079,1.3515690556189934,4.9684156255339715,0
IPShuffle,100,0.004993376493123424,0.27522935779816515,7711.829265636504,0.3,100,5,0.4361865079365079,1.3515690556189934,4.9684156255339715,0
IPShuffle,100,0.004993376493123424,0.12738853503184713,15704.632282449982,0.4,100,5,0.4361865079365079,1.3515690556189934,4.9684156255339715,0
IPShuffle,100,0.004993376493123424,0.1524390243902439,16354.292136111146,0.5,100,5,0.4361865079365079,1.3515690556189934,4.9684156255339715,0
IPShuffle,100,0.004993376493123424,0.17595307917888564,16887.156136940095,0.6,100,5,0.4361865079365079,1.3515690556189934,4.9684156255339715,0
IPShuffle,100,0.004993376493123424,0.19718309859154928,17434.002616738217,0.7,100,5,0.4361865079365079,1.3515690556189934,4.9684156255339715,0
IPShuffle,100,0.004993376493123424,0.21798365122615804,17752.26853471531,0.8,100,5,0.4361865079365079,1.3515690556189934,4.9684156255339715,0
IPShuffle,200,0.005029023610371023,0.15625,2027.2790152361572,0.1,25,5,0.8298095238095239,1.2826527830110972,3.468820177315003,0
IPShuffle,200,0.005029023610371023,0.2,2725.1382466553896,0.2,25,5,0.8298095238095239,1.2826527830110972,3.468820177315003,0
IPShuffle,200,0.005029023610371023,0.21428571428571427,3310.3714413688253,0.3,25,5,0.8298095238095239,1.2826527830110972,3.468820177315003,0
IPShuffle,200,0.005029023610371023,0.17543859649122806,4953.704747047004,0.4,25,5,0.8298095238095239,1.2826527830110972,3.468820177315003,0
IPShuffle,200,0.005029023610371023,0.17857142857142858,5625.46348800427,0.5,25,5,0.8298095238095239,1.2826527830110972,3.468820177315003,0
IPShuffle,200,0.005029023610371023,0.1388888888888889,7505.962641423411,0.6,25,5,0.8298095238095239,1.2826527830110972,3.468820177315003,0
IPShuffle,200,0.005029023610371023,0.14583333333333334,8108.205475234594,0.7,25,5,0.8298095238095239,1.2826527830110972,3.468820177315003,0
IPShuffle,200,0.005029023610371023,0.14705882352941177,8905.11697644288,0.8,25,5,0.8298095238095239,1.2826527830110972,3.468820177315003,0
IPShuffle,200,0.005001858157631652,0.2,1665.8557819489615,0.1,50,5,0.6256746031746032,0.48521280802584016,1.958288070119303,0
IPShuffle,200,0.005001858157631652,0.2,3386.5432061970873,0.2,50,5,0.6256746031746032,0.48521280802584016,1.958288070119303,0
IPShuffle,200,0.005001858157631652,0.20270270270270271,4882.271850878522,0.3,50,5,0.6256746031746032,0.48521280802584016,1.958288070119303,0
IPShuffle,200,0.005001858157631652,0.22727272727272727,5701.365307160164,0.4,50,5,0.6256746031746032,0.48521280802584016,1.958288070119303,0
IPShuffle,200,0.005001858157631652,0.25,6266.748949609662,0.5,50,5,0.6256746031746032,0.48521280802584016,1.958288070119303,0
IPShuffle,200,0.005001858157631652,0.2702702702702703,6786.680498108294,0.6,50,5,0.6256746031746032,0.48521280802584016,1.958288070119303,0
IPShuffle,200,0.005001858157631652,0.2966101694915254,7061.076538076246,0.7,50,5,0.6256746031746032,0.48521280802584016,1.958288070119303,0
IPShuffle,200,0.005001858157631652,0.07707129094412331,22621.405565933095,0.8,50,5,0.6256746031746032,0.48521280802584016,1.958288070119303,0
IPShuffle,200,0.005009580028800408,0.26785714285714285,3219.947735948341,0.1,75,5,0.49032275132275155,0.22945886856051634,0.8484956091262162,0
IPShuffle,200,0.005009580028800408,0.3333333333333333,4392.869772194134,0.2,75,5,0.49032275132275155,0.22945886856051634,0.8484956091262162,0
IPShuffle,200,0.005009580028800408,0.4090909090909091,4838.051740997561,0.3,75,5,0.49032275132275155,0.22945886856051634,0.8484956091262162,0
IPShuffle,200,0.005009580028800408,0.42857142857142855,5432.6712921858,0.4,75,5,0.49032275132275155,0.22945886856051634,0.8484956091262162,0
IPShuffle,200,0.005009580028800408,0.15182186234817813,12289.29978858912,0.5,75,5,0.49032275132275155,0.22945886856051634,0.8484956091262162,0
IPShuffle,200,0.005009580028800408,0.17307692307692307,13206.786887503617,0.6,75,5,0.49032275132275155,0.22945886856051634,0.8484956091262162,0
IPShuffle,200,0.005009580028800408,0.1937269372693727,13796.574028837065,0.7,75,5,0.49032275132275155,0.22945886856051634,0.8484956091262162,0
IPShuffle,200,0.005009580028800408,0.19480519480519481,15624.448734569785,0.8,75,5,0.49032275132275155,0.22945886856051634,0.8484956091262162,0
IPShuffle,200,0.005007884319584161,0.30303030303030304,3629.1974930096776,0.1,100,5,0.4361865079365079,0.5247315812060671,2.086803542168448,0
IPShuffle,200,0.005007884319584161,0.38461538461538464,5506.314361923564,0.2,100,5,0.4361865079365079,0.5247315812060671,2.086803542168448,0
IPShuffle,200,0.005007884319584161,0.38961038961038963,6677.337895657911,0.3,100,5,0.4361865079365079,0.5247315812060671,2.086803542168448,0
IPShuffle,200,0.005007884319584161,0.12422360248447205,16105.335204678238,0.4,100,5,0.4361865079365079,0.5247315812060671,2.086803542168448,0
IPShuffle,200,0.005007884319584161,0.14925373134328357,16675.956206560746,0.5,100,5,0.4361865079365079,0.5247315812060671,2.086803542168448,0
IPShuffle,200,0.005007884319584161,0.17142857142857143,17285.676169073853,0.6,100,5,0.4361865079365079,0.5247315812060671,2.086803542168448,0
IPShuffle,200,0.005007884319584161,0.1917808219178082,18065.66004763324,0.7,100,5,0.4361865079365079,0.5247315812060671,2.086803542168448,0
IPShuffle,200,0.005007884319584161,0.21220159151193635,18382.75966300755,0.8,100,5,0.4361865079365079,0.5247315812060671,2.086803542168448,0
OSDiversity,100,0.009967101721467968,0.10869565217391304,1740.1008943363959,0.1,25,5,0.865111111111111,0.14204329371152688,0.6239347927392269,0.0
OSDiversity,100,0.009967101721467968,0.16129032258064516,2219.7124566288103,0.2,25,5,0.865111111111111,0.14204329371152688,0.6239347927392269,0.0
OSDiversity,100,0.009967101721467968,0.1875,2744.5553131796282,0.3,25,5,0.865111111111111,0.14204329371152688,0.6239347927392269,0.0
OSDiversity,100,0.009967101721467968,0.15873015873015872,4296.797418880278,0.4,25,5,0.865111111111111,0.14204329371152688,0.6239347927392269,0.0
OSDiversity,100,0.009967101721467968,0.18382352941176472,4502.404989796283,0.5,25,5,0.865111111111111,0.14204329371152688,0.6239347927392269,0.0
OSDiversity,100,0.009967101721467968,0.1724137931034483,5674.392143042205,0.6,25,5,0.865111111111111,0.14204329371152688,0.6239347927392269,0.0
OSDiversity,100,0.009967101721467968,0.19230769230769232,5782.992702061348,0.7,25,5,0.865111111111111,0.14204329371152688,0.6239347927392269,0.0
OSDiversity,100,0.009967101721467968,0.20202020202020202,6114.85144885316,0.8,25,5,0.865111111111111,0.14204329371152688,0.6239347927392269,0.0
OSDiversity,100,0.009975153834927298,0.2,1912.8254498728734,0.1,50,5,0.6126666666666667,0.40661695640170215,1.2428739716902222,0.0
OSDiversity,100,0.009975153834927298,0.18867924528301888,3696.509948062477,0.2,50,5,0.6126666666666667,0.40661695640170215,1.2428739716902222,0.0
OSDiversity,100,0.009975153834927298,0.24193548387096775,4080.6367930749316,0.3,50,5,0.6126666666666667,0.40661695640170215,1.2428739716902222,0.0
OSDiversity,100,0.009975153834927298,0.2631578947368421,4812.4588060110345,0.4,50,5,0.6126666666666667,0.40661695640170215,1.2428739716902222,0.0
OSDiversity,100,0.009975153834927298,0.29069767441860467,5283.853244244536,0.5,50,5,0.6126666666666667,0.40661695640170215,1.2428739716902222,0.0
OSDiversity,100,0.009975153834927298,0.32608695652173914,5434.114689214854,0.6,50,5,0.6126666666666667,0.40661695640170215,1.2428739716902222,0.0
OSDiversity,100,0.009975153834927298,0.35,5673.202691799075,0.7,50,5,0.6126666666666667,0.40661695640170215,1.2428739716902222,0.0
OSDiversity,100,0.009975153834927298,0.35714285714285715,6087.727687709406,0.8,50,5,0.6126666666666667,0.40661695640170215,1.2428739716902222,0.0
OSDiversity,100,0.009955727951548038,0.12931034482758622,4180.907611738734,0.1,75,5,0.547957671957672,1.9915228642876923,5.811638377538638,0.0
OSDiversity,100,0.009955727951548038,0.18518518518518517,5342.731205403337,0.2,75,5,0.547957671957672,1.9915228642876923,5.811638377538638,0.0
OSDiversity,100,0.009955727951548038,0.23195876288659795,6099.430167172857,0.3,75,5,0.547957671957672,1.9915228642876923,5.811638377538638,0.0
OSDiversity,100,0.009955727951548038,0.2542372881355932,7086.22392049814,0.4,75,5,0.547957671957672,1.9915228642876923,5.811638377538638,0.0
OSDiversity,100,0.009955727951548038,0.2840909090909091,7654.350731517325,0.5,75,5,0.547957671957672,1.9915228642876923,5.811638377538638,0.0
OSDiversity,100,0.009955727951548038,0.2980132450331126,8460.580432328794,0.6,75,5,0.547957671957672,1.9915228642876923,5.811638377538638,0.0
OSDiversity,100,0.009955727951548038,0.330188679245283,8739.144138705837,0.7,75,5,0.547957671957672,1.9915228642876923,5.811638377538638,0.0
OSDiversity,100,0.009955727951548038,0.3314917127071823,9872.522020632006,0.8,75,5,0.547957671957672,1.9915228642876923,5.811638377538638,0.0
OSDiversity,100,0.009965185851195013,0.14705882352941177,4690.020406757858,0.1,100,5,0.4556904761904761,0.2813145000843082,0.82759234251452,0.0
OSDiversity,100,0.009965185851195013,0.19230769230769232,7032.089145929131,0.2,100,5,0.4556904761904761,0.2813145000843082,0.82759234251452,0.0
OSDiversity,100,0.009965185851195013,0.22900763358778625,8741.808377307752,0.3,100,5,0.4556904761904761,0.2813145000843082,0.82759234251452,0.0
OSDiversity,100,0.009965185851195013,0.26666666666666666,9422.171140969494,0.4,100,5,0.4556904761904761,0.2813145000843082,0.82759234251452,0.0
OSDiversity,100,0.009965185851195013,0.29411764705882354,10154.527806574359,0.5,100,5,0.4556904761904761,0.2813145000843082,0.82759234251452,0.0
OSDiversity,100,0.009965185851195013,0.32786885245901637,10511.014001376578,0.6,100,5,0.4556904761904761,0.2813145000843082,0.82759234251452,0.0
OSDiversity,100,0.009965185851195013,0.35353535353535354,10878.287082420844,0.7,100,5,0.4556904761904761,0.2813145000843082,0.82759234251452,0.0
OSDiversity,100,0.009965185851195013,0.37735849056603776,11280.865948681287,0.8,100,5,0.4556904761904761,0.2813145000843082,0.82759234251452,0.0
OSDiversity,200,0.005095103263200647,0.20833333333333334,1573.242389716629,0.1,25,5,0.7646666666666667,0.4617867688321842,1.9626263920103828,0.0
OSDiversity,200,0.005095103263200647,0.2777777777777778,2180.8707068777976,0.2,25,5,0.7646666666666667,0.4617867688321842,1.9626263920103828,0.0
OSDiversity,200,0.005095103263200647,0.375,2490.440396940574,0.3,25,5,0.7646666666666667,0.4617867688321842,1.9626263920103828,0.0
OSDiversity,200,0.005095103263200647,0.3448275862068966,3530.608273151529,0.4,25,5,0.7646666666666667,0.4617867688321842,1.9626263920103828,0.0
OSDiversity,200,0.005095103263200647,0.4032258064516129,3608.669179721448,0.5,25,5,0.7646666666666667,0.4617867688321842,1.9626263920103828,0.0
OSDiversity,200,0.005095103263200647,0.39473684210526316,3973.1213817266716,0.6,25,5,0.7646666666666667,0.4617867688321842,1.9626263920103828,0.0
OSDiversity,200,0.005095103263200647,0.4069767441860465,4303.338956917911,0.7,25,5,0.7646666666666667,0.4617867688321842,1.9626263920103828,0.0
OSDiversity,200,0.005095103263200647,0.4,4718.226724263216,0.8,25,5,0.7646666666666667,0.4617867688321842,1.9626263920103828,0.0
OSDiversity,200,0.005088567955993585,0.3125,1646.996503530684,0.1,50,5,0.666873015873016,0.6076153497070198,2.7202365458318334,0.0
OSDiversity,200,0.005088567955993585,0.47619047619047616,2161.7490098696267,0.2,50,5,0.666873015873016,0.6076153497070198,2.7202365458318334,0.0
OSDiversity,200,0.005088567955993585,0.5357142857142857,2361.888553766464,0.3,50,5,0.666873015873016,0.6076153497070198,2.7202365458318334,0.0
OSDiversity,200,0.005088567955993585,0.5555555555555556,3226.229443960853,0.4,50,5,0.666873015873016,0.6076153497070198,2.7202365458318334,0.0
OSDiversity,200,0.005088567955993585,0.5681818181818182,3897.9331341433676,0.5,50,5,0.666873015873016,0.6076153497070198,2.7202365458318334,0.0
OSDiversity,200,0.005088567955993585,0.5882352941176471,4141.558341155713,0.6,50,5,0.666873015873016,0.6076153497070198,2.7202365458318334,0.0
OSDiversity,200,0.005088567955993585,0.5833333333333334,4528.656770051597,0.7,50,5,0.666873015873016,0.6076153497070198,2.7202365458318334,0.0
OSDiversity,200,0.005088567955993585,0.6153846153846154,4702.587741640964,0.8,50,5,0.666873015873016,0.6076153497070198,2.7202365458318334,0.0
OSDiversity,200,0.005049452641055241,0.2777777777777778,3305.6894182589567,0.1,75,5,0.4896772486772488,0.6019069755021669,2.591161407480455,0.0
OSDiversity,200,0.005049452641055241,0.36585365853658536,4464.897299941603,0.2,75,5,0.4896772486772488,0.6019069755021669,2.591161407480455,0.0
OSDiversity,200,0.005049452641055241,0.4326923076923077,5086.36957784056,0.3,75,5,0.4896772486772488,0.6019069755021669,2.591161407480455,0.0
OSDiversity,200,0.005049452641055241,0.46153846153846156,5760.8563439357185,0.4,75,5,0.4896772486772488,0.6019069755021669,2.591161407480455,0.0
OSDiversity,200,0.005049452641055241,0.47468354430379744,6790.417728851227,0.5,75,5,0.4896772486772488,0.6019069755021669,2.591161407480455,0.0
OSDiversity,200,0.005049452641055241,0.5113636363636364,7104.799434571851,0.6,75,5,0.4896772486772488,0.6019069755021669,2.591161407480455,0.0
OSDiversity,200,0.005049452641055241,0.5357142857142857,7536.0504248050565,0.7,75,5,0.4896772486772488,0.6019069755021669,2.591161407480455,0.0
OSDiversity,200,0.005049452641055241,0.5555555555555556,7865.658977909385,0.8,75,5,0.4896772486772488,0.6019069755021669,2.591161407480455,0.0
OSDiversity,200,0.0050399676648932605,0.37037037037037035,3412.554747979286,0.1,100,5,0.4275119047619047,0.2813145000843082,0.82759234251452,0.0
OSDiversity,200,0.0050399676648932605,0.38461538461538464,5601.836161545525,0.2,100,5,0.4275119047619047,0.2813145000843082,0.82759234251452,0.0
OSDiversity,200,0.0050399676648932605,0.4411764705882353,6561.547131443091,0.3,100,5,0.4275119047619047,0.2813145000843082,0.82759234251452,0.0
OSDiversity,200,0.0050399676648932605,0.5063291139240507,6876.131893421841,0.4,100,5,0.4275119047619047,0.2813145000843082,0.82759234251452,0.0
OSDiversity,200,0.0050399676648932605,0.5434782608695652,7552.312283059116,0.5,100,5,0.4275119047619047,0.2813145000843082,0.82759234251452,0.0
OSDiversity,200,0.0050399676648932605,0.5660377358490566,8297.073710922661,0.6,100,5,0.4275119047619047,0.2813145000843082,0.82759234251452,0.0
OSDiversity,200,0.0050399676648932605,0.5882352941176471,8829.864586201264,0.7,100,5,0.4275119047619047,0.2813145000843082,0.82759234251452,0.0
OSDiversity,200,0.0050399676648932605,0.6153846153846154,9187.337881572053,0.8,100,5,0.4275119047619047,0.2813145000843082,0.82759234251452,0.0
